cod_dep,depto,codigo,municipio,perdida_bruta_ha,recuperacion_bruta_ha,perdida_neta_ha,tipo_unidad,proporcion_regeneracion_equivalente_aplicada_min,proporcion_regeneracion_equivalente_aplicada_max,en_dominio_recuperacion,saldo_ponderado_inferior_ha,saldo_ponderado_superior_ha
1,Guatemala,,Lago de Amatitlán,11.1474334600,1.7263768200,9.4210566400,Unidad lacustre no municipal,1.0000000000,1.0000000000,False,9.4210566400,9.4210566400
1,Guatemala,101,Guatemala,84.9902752100,1.4033748700,83.5869003400,Municipio,1.0000000000,1.0000000000,False,83.5869003400,83.5869003400
1,Guatemala,102,Santa Catarina Pinula,45.5107664900,27.1938369900,18.3169295000,Municipio,1.0000000000,1.0000000000,False,18.3169295000,18.3169295000
1,Guatemala,103,San José Pinula,278.3816849200,101.7166461400,176.6650387800,Municipio,1.0000000000,1.0000000000,False,176.6650387800,176.6650387800
1,Guatemala,104,San José del Golfo,0.6000495300,0.0000000000,0.6000495300,Municipio,0.2500000000,0.6500000000,True,0.6000495300,0.6000495300
1,Guatemala,105,Palencia,68.6369139400,5.7113492700,62.9255646700,Municipio,0.2500000000,0.6500000000,True,64.9245369145,67.2090766225
1,Guatemala,106,Chinautla,113.6010832600,3.2722679800,110.3288152800,Municipio,1.0000000000,1.0000000000,False,110.3288152800,110.3288152800
1,Guatemala,107,San Pedro Ayampuc,70.9001975900,1.8687868600,69.0314107300,Municipio,0.2500000000,0.6500000000,True,69.6854861310,70.4330008750
1,Guatemala,108,Mixco,108.3251418300,0.4327590300,107.8923828000,Municipio,1.0000000000,1.0000000000,False,107.8923828000,107.8923828000
1,Guatemala,109,San Pedro Sacatepéquez,13.8661153900,0.7786640800,13.0874513100,Municipio,1.0000000000,1.0000000000,False,13.0874513100,13.0874513100
1,Guatemala,110,San Juan Sacatepéquez,387.8527315500,7.3957712100,380.4569603400,Municipio,1.0000000000,1.0000000000,False,380.4569603400,380.4569603400
1,Guatemala,111,San Raymundo,247.8418389500,2.3306612100,245.5111777400,Municipio,1.0000000000,1.0000000000,False,245.5111777400,245.5111777400
1,Guatemala,112,Chuarrancho,81.2645965300,4.8814717800,76.3831247500,Municipio,0.2500000000,0.6500000000,True,78.0916398730,80.0442285850
1,Guatemala,113,Fraijanes,53.0983592700,8.7431367000,44.3552225700,Municipio,1.0000000000,1.0000000000,False,44.3552225700,44.3552225700
1,Guatemala,114,Amatitlán,34.5333116700,12.4677552200,22.0655564500,Municipio,1.0000000000,1.0000000000,False,22.0655564500,22.0655564500
1,Guatemala,115,Villa Nueva,66.2827816400,9.2634879900,57.0192936500,Municipio,1.0000000000,1.0000000000,False,57.0192936500,57.0192936500
1,Guatemala,116,Villa Canales,51.6898821100,2.4314431500,49.2584389600,Municipio,1.0000000000,1.0000000000,False,49.2584389600,49.2584389600
1,Guatemala,117,Petapa,26.2248665800,0.3463700300,25.8784965500,Municipio,1.0000000000,1.0000000000,False,25.8784965500,25.8784965500
2,El Progreso,201,Guastatoya,3.7866480300,0.0864734500,3.7001745800,Municipio,0.2500000000,0.6500000000,True,3.7304402875,3.7650296675
2,El Progreso,202,Morazán,668.3268944900,346.6459601600,321.6809343300,Municipio,0.2500000000,0.6500000000,True,443.0070203860,581.6654044500
2,El Progreso,203,San Agustín Acasaguastlán,662.6431101700,50.0359178700,612.6071923000,Municipio,0.2500000000,0.6500000000,True,630.1197635545,650.1341307025
2,El Progreso,204,San Cristóbal Acasaguastlán,141.0286413500,28.7722318600,112.2564094900,Municipio,0.2500000000,0.6500000000,True,122.3266906410,133.8355833850
2,El Progreso,205,El Jícaro,1.7213349300,0.1728842100,1.5484507200,Municipio,0.2500000000,0.6500000000,True,1.6089601935,1.6781138775
2,El Progreso,206,Sansare,2.3711103300,0.0865115900,2.2845987400,Municipio,0.2500000000,0.6500000000,True,2.3148777965,2.3494824325
2,El Progreso,207,Sanarate,52.5097719300,1.8023243800,50.7074475500,Municipio,0.2500000000,0.6500000000,True,51.3382610830,52.0591908350
2,El Progreso,208,San Antonio La Paz,5.1037416700,1.7436921100,3.3600495600,Municipio,0.2500000000,0.6500000000,True,3.9703417985,4.6678186425
3,Sacatepéquez,301,Antigua Guatemala,10.2359671300,48.7371009900,-38.5011338600,Municipio,1.0000000000,1.0000000000,False,-38.5011338600,-38.5011338600
3,Sacatepéquez,302,Jocotenango,14.8829159000,0.0000000000,14.8829159000,Municipio,1.0000000000,1.0000000000,False,14.8829159000,14.8829159000
3,Sacatepéquez,303,Pastores,92.4991978800,1.3848932900,91.1143045900,Municipio,1.0000000000,1.0000000000,False,91.1143045900,91.1143045900
3,Sacatepéquez,304,Sumpango,75.7766904600,0.1730170200,75.6036734400,Municipio,1.0000000000,1.0000000000,False,75.6036734400,75.6036734400
3,Sacatepéquez,305,Santo Domingo Xenacoj,58.4497435900,0.1730484200,58.2766951700,Municipio,1.0000000000,1.0000000000,False,58.2766951700,58.2766951700
3,Sacatepéquez,306,Santiago Sacatepéquez,78.2067543600,0.0000000000,78.2067543600,Municipio,1.0000000000,1.0000000000,False,78.2067543600,78.2067543600
3,Sacatepéquez,307,San Bartolomé Milpas Altas,0.9258547400,0.0865460500,0.8393086900,Municipio,1.0000000000,1.0000000000,False,0.8393086900,0.8393086900
3,Sacatepéquez,308,San Lucas Sacatepéquez,31.2252650600,0.0000000000,31.2252650600,Municipio,1.0000000000,1.0000000000,False,31.2252650600,31.2252650600
3,Sacatepéquez,309,Santa Lucía Milpas Altas,3.6619086000,0.0000000000,3.6619086000,Municipio,1.0000000000,1.0000000000,False,3.6619086000,3.6619086000
3,Sacatepéquez,310,Magdalena Milpas Altas,9.7828063200,5.4571704100,4.3256359100,Municipio,1.0000000000,1.0000000000,False,4.3256359100,4.3256359100
3,Sacatepéquez,311,Santa María de Jesús,28.2830451100,30.4740045500,-2.1909594400,Municipio,1.0000000000,1.0000000000,False,-2.1909594400,-2.1909594400
3,Sacatepéquez,312,Ciudad Vieja,12.8273029400,0.0000000000,12.8273029400,Municipio,1.0000000000,1.0000000000,False,12.8273029400,12.8273029400
3,Sacatepéquez,313,San Miguel Dueñas,16.4485026300,0.1731786700,16.2753239600,Municipio,1.0000000000,1.0000000000,False,16.2753239600,16.2753239600
3,Sacatepéquez,314,Alotenango,61.1338522600,1.2085310700,59.9253211900,Municipio,1.0000000000,1.0000000000,False,59.9253211900,59.9253211900
3,Sacatepéquez,315,San Antonio Aguas Calientes,0.0000000000,0.0000000000,0.0000000000,Municipio,1.0000000000,1.0000000000,False,0.0000000000,0.0000000000
3,Sacatepéquez,316,Santa Catarina Barahona,2.2726021200,0.1731303000,2.0994718200,Municipio,1.0000000000,1.0000000000,False,2.0994718200,2.0994718200
4,Chimaltenango,401,Chimaltenango,70.3238817700,1.2299508300,69.0939309400,Municipio,1.0000000000,1.0000000000,False,69.0939309400,69.0939309400
4,Chimaltenango,402,San José Poaquil,95.9990703800,2.0262966700,93.9727737100,Municipio,1.0000000000,1.0000000000,False,93.9727737100,93.9727737100
4,Chimaltenango,403,San Martín Jilotepeque,2376.4454345500,13.4644113900,2362.9810231600,Municipio,1.0000000000,1.0000000000,False,2362.9810231600,2362.9810231600
4,Chimaltenango,404,Comalapa,102.1366062100,1.3838821200,100.7527240900,Municipio,1.0000000000,1.0000000000,False,100.7527240900,100.7527240900
4,Chimaltenango,405,Santa Apolonia,139.0920619700,0.0864687500,139.0055932200,Municipio,1.0000000000,1.0000000000,False,139.0055932200,139.0055932200
4,Chimaltenango,406,Tecpán Guatemala,387.3975805100,3.7182183100,383.6793622000,Municipio,1.0000000000,1.0000000000,False,383.6793622000,383.6793622000
4,Chimaltenango,407,Patzún,646.7943010700,0.9519303600,645.8423707100,Municipio,1.0000000000,1.0000000000,False,645.8423707100,645.8423707100
4,Chimaltenango,408,Pochuta,54.8250238000,142.8851521300,-88.0601283300,Municipio,0.5930000000,0.7660000000,True,-54.6250027316,-29.9058714131
4,Chimaltenango,409,Patzicía,59.0337953100,57.6561853300,1.3776099800,Municipio,1.0000000000,1.0000000000,False,1.3776099800,1.3776099800
4,Chimaltenango,410,Santa Cruz Balanyá,7.2967120300,0.0000000000,7.2967120300,Municipio,1.0000000000,1.0000000000,False,7.2967120300,7.2967120300
4,Chimaltenango,411,Acatenango,37.7131013700,123.6121203500,-85.8990189800,Municipio,1.0000000000,1.0000000000,False,-85.8990189800,-85.8990189800
4,Chimaltenango,412,Yepocapa,145.7370868400,854.3540643200,-708.6169774800,Municipio,0.5930000000,0.7660000000,True,-508.6981264291,-360.8948733018
4,Chimaltenango,413,San Andrés Itzapa,195.4233695100,217.1796852500,-21.7563157400,Municipio,1.0000000000,1.0000000000,False,-21.7563157400,-21.7563157400
4,Chimaltenango,414,Parramos,25.0806163200,0.0000000000,25.0806163200,Municipio,1.0000000000,1.0000000000,False,25.0806163200,25.0806163200
4,Chimaltenango,415,Zaragoza,69.6013226600,0.0000000000,69.6013226600,Municipio,1.0000000000,1.0000000000,False,69.6013226600,69.6013226600
4,Chimaltenango,416,El Tejar,50.6055730200,0.0000000000,50.6055730200,Municipio,1.0000000000,1.0000000000,False,50.6055730200,50.6055730200
5,Escuintla,501,Escuintla,2408.1741619400,7.3018602500,2400.8723016900,Municipio,0.5930000000,0.7660000000,True,2402.5809369885,2403.8441588117
5,Escuintla,502,Santa Lucia Cotzulmalguapa,580.9621108100,307.5081228100,273.4539880000,Municipio,0.5930000000,0.7660000000,True,345.4108887375,398.6097939837
5,Escuintla,503,La Democracia,75.8541547600,13.7726750400,62.0814797200,Municipio,0.5930000000,0.7660000000,True,65.3042856794,67.6869584613
5,Escuintla,504,Siquinalá,629.5501142700,146.2670912000,483.2830230700,Municipio,0.5930000000,0.7660000000,True,517.5095224108,542.8137291884
5,Escuintla,505,Masagua,108.7756767800,276.1844012300,-167.4087244500,Municipio,0.5930000000,0.7660000000,True,-102.7815745622,-55.0016731494
5,Escuintla,506,Tiquisate,209.3021312000,226.8086237800,-17.5064925800,Municipio,0.5930000000,0.7660000000,True,35.5667253845,74.8046172985
5,Escuintla,507,La Gomera,55.1958635200,79.9825030200,-24.7866395000,Municipio,0.5930000000,0.7660000000,True,-6.0707337933,7.7662392291
5,Escuintla,508,Guanagazapa,117.4261655800,122.9175068500,-5.4913412700,Municipio,0.5930000000,0.7660000000,True,23.2713553329,44.5360840180
5,Escuintla,509,San José,256.1328370800,421.1146116300,-164.9817745500,Municipio,0.5930000000,0.7660000000,True,-66.4409554286,6.4118723834
5,Escuintla,510,Iztapa,122.5761984000,122.0908356900,0.4853627100,Municipio,0.5930000000,0.7660000000,True,29.0546182615,50.1763328358
5,Escuintla,511,Palín,44.9921156500,0.0000000000,44.9921156500,Municipio,1.0000000000,1.0000000000,False,44.9921156500,44.9921156500
5,Escuintla,512,San Vicente Pacaya,129.4068359500,1.2998668000,128.1069691500,Municipio,1.0000000000,1.0000000000,False,128.1069691500,128.1069691500
5,Escuintla,513,Nueva Concepción,197.3482140100,133.0454813300,64.3027326800,Municipio,0.5930000000,0.7660000000,True,95.4353753112,118.4522435813
5,Escuintla,514,Sipacate,747.0403161900,133.5192672300,613.5210489600,Municipio,0.5930000000,0.7660000000,True,644.7645574918,667.8633907226
6,Santa Rosa,601,Cuilapa,37.3235235400,21.6363608100,15.6871627300,Municipio,1.0000000000,1.0000000000,False,15.6871627300,15.6871627300
6,Santa Rosa,602,Barberena,225.6156078100,38.0385724400,187.5770353700,Municipio,1.0000000000,1.0000000000,False,187.5770353700,187.5770353700
6,Santa Rosa,603,Santa Rosa de Lima,38.9457423900,2.2516392400,36.6941031500,Municipio,1.0000000000,1.0000000000,False,36.6941031500,36.6941031500
6,Santa Rosa,604,Casillas,94.2631862300,22.6957084500,71.5674777800,Municipio,1.0000000000,1.0000000000,False,71.5674777800,71.5674777800
6,Santa Rosa,605,San Rafael Las Flores,2.5154777600,2.3383157800,0.1771619800,Municipio,1.0000000000,1.0000000000,False,0.1771619800,0.1771619800
6,Santa Rosa,606,Oratorio,255.9001529200,145.1905072300,110.7096456900,Municipio,1.0000000000,1.0000000000,False,110.7096456900,110.7096456900
6,Santa Rosa,607,San Juan Tecuaco,53.0078365600,0.3470280200,52.6608085400,Municipio,0.5930000000,0.7660000000,True,52.7420130967,52.8020489441
6,Santa Rosa,608,Chiquimulilla,612.4753194900,764.3082825200,-151.8329630300,Municipio,0.5930000000,0.7660000000,True,27.0151750797,159.2405079556
6,Santa Rosa,609,Taxisco,336.3816820800,740.2429562100,-403.8612741300,Municipio,0.5930000000,0.7660000000,True,-230.6444223769,-102.5823909525
6,Santa Rosa,610,Santa María Ixhuatán,69.0022304400,28.6197255200,40.3825049200,Municipio,0.5930000000,0.7660000000,True,47.0795206917,52.0307332066
6,Santa Rosa,611,Guazacapán,49.2144204400,119.3865999100,-70.1721794700,Municipio,0.5930000000,0.7660000000,True,-42.2357150911,-21.5818333066
6,Santa Rosa,612,Santa Cruz Naranjo,4.5918903700,0.4253503500,4.1665400200,Municipio,1.0000000000,1.0000000000,False,4.1665400200,4.1665400200
6,Santa Rosa,613,Pueblo Nuevo Viñas,120.3226060100,3.9370405800,116.3855654300,Municipio,1.0000000000,1.0000000000,False,116.3855654300,116.3855654300
6,Santa Rosa,614,Nueva Santa Rosa,3.9850300700,0.7795062400,3.2055238300,Municipio,1.0000000000,1.0000000000,False,3.2055238300,3.2055238300
7,Sololá,,Lago de Atitlán,17.3878970800,8.5690357900,8.8188612900,Unidad lacustre no municipal,1.0000000000,1.0000000000,False,8.8188612900,8.8188612900
7,Sololá,701,Sololá,10.1321868200,0.0000000000,10.1321868200,Municipio,1.0000000000,1.0000000000,False,10.1321868200,10.1321868200
7,Sololá,702,San José Chacayá,4.7382438100,0.0000000000,4.7382438100,Municipio,1.0000000000,1.0000000000,False,4.7382438100,4.7382438100
7,Sololá,703,Santa María Visitación,0.0000000000,0.0000000000,0.0000000000,Municipio,1.0000000000,1.0000000000,False,0.0000000000,0.0000000000
7,Sololá,704,Santa Lucía Utatlán,11.6975280900,0.0000000000,11.6975280900,Municipio,1.0000000000,1.0000000000,False,11.6975280900,11.6975280900
7,Sololá,705,Nahualá,20.7927290900,0.0250714300,20.7676576600,Municipio,1.0000000000,1.0000000000,False,20.7676576600,20.7676576600
7,Sololá,706,Santa Catarina Ixtahuacán,5.8823219200,0.3460763500,5.5362455700,Municipio,1.0000000000,1.0000000000,False,5.5362455700,5.5362455700
7,Sololá,707,Santa Clara La Laguna,25.9488192300,0.0000000000,25.9488192300,Municipio,1.0000000000,1.0000000000,False,25.9488192300,25.9488192300
7,Sololá,708,Concepción,7.3515610100,0.2594614200,7.0920995900,Municipio,1.0000000000,1.0000000000,False,7.0920995900,7.0920995900
7,Sololá,709,San Andrés Semetabaj,41.6720508300,0.8650685300,40.8069823000,Municipio,1.0000000000,1.0000000000,False,40.8069823000,40.8069823000
7,Sololá,710,Panajachel,1.6435100600,0.5190036800,1.1245063800,Municipio,1.0000000000,1.0000000000,False,1.1245063800,1.1245063800
7,Sololá,711,Santa Catarina Palopó,2.0764083800,2.3259691200,-0.2495607400,Municipio,1.0000000000,1.0000000000,False,-0.2495607400,-0.2495607400
7,Sololá,712,San Antonio Palopó,31.8388926800,2.1839877100,29.6549049700,Municipio,1.0000000000,1.0000000000,False,29.6549049700,29.6549049700
7,Sololá,713,San Lucas Tolimán,82.0928920000,13.0910544400,69.0018375600,Municipio,1.0000000000,1.0000000000,False,69.0018375600,69.0018375600
7,Sololá,714,Santa Cruz La Laguna,1.5571333100,1.5572026800,-0.0000693700,Municipio,1.0000000000,1.0000000000,False,-0.0000693700,-0.0000693700
7,Sololá,715,San Pablo La Laguna,0.4325579900,0.0000000000,0.4325579900,Municipio,1.0000000000,1.0000000000,False,0.4325579900,0.4325579900
7,Sololá,716,San Marcos La Laguna,4.1528194300,0.5096079600,3.6432114700,Municipio,1.0000000000,1.0000000000,False,3.6432114700,3.6432114700
7,Sololá,717,San Juan La Laguna,60.5000411900,60.4929743900,0.0070668000,Municipio,1.0000000000,1.0000000000,False,0.0070668000,0.0070668000
7,Sololá,718,San Pedro La Laguna,64.3629900500,0.1730877800,64.1899022700,Municipio,1.0000000000,1.0000000000,False,64.1899022700,64.1899022700
7,Sololá,719,Santiago Atitlán,81.5828825900,263.5106707900,-181.9277882000,Municipio,1.0000000000,1.0000000000,False,-181.9277882000,-181.9277882000
8,Totonicapán,801,Totonicapán,31.2930705800,1.1851039500,30.1079666300,Municipio,1.0000000000,1.0000000000,False,30.1079666300,30.1079666300
8,Totonicapán,802,San Cristóbal Totonicapán,0.1728973400,0.0000000000,0.1728973400,Municipio,1.0000000000,1.0000000000,False,0.1728973400,0.1728973400
8,Totonicapán,803,San Francisco El Alto,2.3337311600,0.0000000000,2.3337311600,Municipio,1.0000000000,1.0000000000,False,2.3337311600,2.3337311600
8,Totonicapán,804,San Andrés Xecul,0.0000000000,0.0000000000,0.0000000000,Municipio,1.0000000000,1.0000000000,False,0.0000000000,0.0000000000
8,Totonicapán,805,Momostenango,146.4840256300,3.8711642700,142.6128613600,Municipio,1.0000000000,1.0000000000,False,142.6128613600,142.6128613600
8,Totonicapán,806,Santa María Chiquimula,248.2838891900,0.4321370200,247.8517521700,Municipio,1.0000000000,1.0000000000,False,247.8517521700,247.8517521700
8,Totonicapán,807,Santa Lucía La Reforma,6.6024015400,1.2472960100,5.3551055300,Municipio,1.0000000000,1.0000000000,False,5.3551055300,5.3551055300
8,Totonicapán,808,San Bartolo Aguas Calientes,22.6093380200,0.2591157600,22.3502222600,Municipio,1.0000000000,1.0000000000,False,22.3502222600,22.3502222600
9,Quetzaltenango,901,Quetzaltenango,40.3240801900,0.0864970700,40.2375831200,Municipio,1.0000000000,1.0000000000,False,40.2375831200,40.2375831200
9,Quetzaltenango,902,Salcajá,0.0000000000,0.0000000000,0.0000000000,Municipio,1.0000000000,1.0000000000,False,0.0000000000,0.0000000000
9,Quetzaltenango,903,Olintepeque,0.0636847100,0.0000000000,0.0636847100,Municipio,1.0000000000,1.0000000000,False,0.0636847100,0.0636847100
9,Quetzaltenango,904,San Carlos Sija,83.0576437300,0.3455469600,82.7120967700,Municipio,1.0000000000,1.0000000000,False,82.7120967700,82.7120967700
9,Quetzaltenango,905,Sibilia,0.0000000000,0.0000000000,0.0000000000,Municipio,1.0000000000,1.0000000000,False,0.0000000000,0.0000000000
9,Quetzaltenango,906,Cabricán,3.8009408000,2.8488720400,0.9520687600,Municipio,1.0000000000,1.0000000000,False,0.9520687600,0.9520687600
9,Quetzaltenango,907,Cajolá,1.7291063700,0.0000000000,1.7291063700,Municipio,1.0000000000,1.0000000000,False,1.7291063700,1.7291063700
9,Quetzaltenango,908,San Miguel Sigüila,0.0000000000,0.0000000000,0.0000000000,Municipio,1.0000000000,1.0000000000,False,0.0000000000,0.0000000000
9,Quetzaltenango,909,San Juan Ostuncalco,0.6054132600,4.1680520700,-3.5626388100,Municipio,1.0000000000,1.0000000000,False,-3.5626388100,-3.5626388100
9,Quetzaltenango,910,San Mateo,0.0000000000,0.2594779600,-0.2594779600,Municipio,1.0000000000,1.0000000000,False,-0.2594779600,-0.2594779600
9,Quetzaltenango,911,Concepción Chiquirichapa,0.1729835500,0.1024548600,0.0705286900,Municipio,1.0000000000,1.0000000000,False,0.0705286900,0.0705286900
9,Quetzaltenango,912,San Martín Sacatepéquez,9.2569197100,226.4587761100,-217.2018564000,Municipio,1.0000000000,1.0000000000,False,-217.2018564000,-217.2018564000
9,Quetzaltenango,913,Almolonga,12.3835926800,0.0000000000,12.3835926800,Municipio,1.0000000000,1.0000000000,False,12.3835926800,12.3835926800
9,Quetzaltenango,914,Cantel,1.6140162900,0.0000000000,1.6140162900,Municipio,1.0000000000,1.0000000000,False,1.6140162900,1.6140162900
9,Quetzaltenango,915,Huitán,0.0000000000,0.0000000000,0.0000000000,Municipio,1.0000000000,1.0000000000,False,0.0000000000,0.0000000000
9,Quetzaltenango,916,Zunil,20.5044877700,0.2595845400,20.2449032300,Municipio,1.0000000000,1.0000000000,False,20.2449032300,20.2449032300
9,Quetzaltenango,917,Colomba,566.1943068900,135.1071750800,431.0871318100,Municipio,0.5930000000,0.7660000000,True,462.7022107787,486.0757520676
9,Quetzaltenango,918,San Francisco La Unión,0.2821578200,0.0000000000,0.2821578200,Municipio,1.0000000000,1.0000000000,False,0.2821578200,0.2821578200
9,Quetzaltenango,919,El Palmar,231.4591209900,2.3372815000,229.1218394900,Municipio,0.5930000000,0.7660000000,True,229.6687633610,230.0731130605
9,Quetzaltenango,920,Coatepeque,484.5075540500,1439.3773404400,-954.8697863900,Municipio,0.5930000000,0.7660000000,True,-618.0554887270,-369.0432088309
9,Quetzaltenango,921,Génova,274.7004740800,505.4491579900,-230.7486839100,Municipio,0.5930000000,0.7660000000,True,-112.4735809403,-25.0308766081
9,Quetzaltenango,922,Flores Costa Cuca,153.1426829900,150.2949785500,2.8477044400,Municipio,0.5930000000,0.7660000000,True,38.0167294207,64.0177607099
9,Quetzaltenango,923,La Esperanza,0.1729417300,0.0000000000,0.1729417300,Municipio,1.0000000000,1.0000000000,False,0.1729417300,0.1729417300
9,Quetzaltenango,924,Palestina de los Altos,0.0000000000,0.0000000000,0.0000000000,Municipio,1.0000000000,1.0000000000,False,0.0000000000,0.0000000000
10,Suchitepéquez,1001,Mazatenango,241.2400374000,194.2572303500,46.9828070500,Municipio,0.5930000000,0.7660000000,True,92.4389989519,126.0454998025
10,Suchitepéquez,1002,Cuyotenango,188.7783153900,412.8861227300,-224.1078073400,Municipio,0.5930000000,0.7660000000,True,-127.4924546212,-56.0631553889
10,Suchitepéquez,1003,San Francisco Zapotitlán,36.6690078400,120.5542058700,-83.8851980300,Municipio,1.0000000000,1.0000000000,False,-83.8851980300,-83.8851980300
10,Suchitepéquez,1004,San Bernardino,19.7741502600,88.1529864000,-68.3788361400,Municipio,0.5930000000,0.7660000000,True,-47.7510373224,-32.5005706752
10,Suchitepéquez,1005,San José El Ídolo,190.8729451400,955.7824368400,-764.9094917000,Municipio,0.5930000000,0.7660000000,True,-541.2564014794,-375.9060399061
10,Suchitepéquez,1006,Santo Domingo Suchitepéquez,136.4899904100,898.5997205000,-762.1097300900,Municipio,0.5930000000,0.7660000000,True,-551.8373954930,-396.3796438465
10,Suchitepéquez,1007,San Lorenzo,126.7226227900,839.0529908000,-712.3303680100,Municipio,0.5930000000,0.7660000000,True,-515.9919681628,-370.8358007544
10,Suchitepéquez,1008,Samayac,35.5806790400,377.7136253800,-342.1329463400,Municipio,1.0000000000,1.0000000000,False,-342.1329463400,-342.1329463400
10,Suchitepéquez,1009,San Pablo Jocopila,0.0000000000,3.0976796800,-3.0976796800,Municipio,1.0000000000,1.0000000000,False,-3.0976796800,-3.0976796800
10,Suchitepéquez,1010,San Antonio Suchitepéquez,113.6091682700,346.9771191100,-233.3679508400,Municipio,0.5930000000,0.7660000000,True,-152.1753049683,-92.1482633622
10,Suchitepéquez,1011,San Miguel Panán,36.4066988100,201.3336007600,-164.9269019500,Municipio,1.0000000000,1.0000000000,False,-164.9269019500,-164.9269019500
10,Suchitepéquez,1012,San Gabriel,12.4321572400,9.7008784600,2.7312787800,Municipio,0.5930000000,0.7660000000,True,5.0012843396,6.6795363132
10,Suchitepéquez,1013,Chicacao,268.4469035600,2458.0701950800,-2189.6232915200,Municipio,0.5930000000,0.7660000000,True,-1614.4348658713,-1189.1887221224
10,Suchitepéquez,1014,Patulul,308.3218701000,617.7374177200,-309.4155476200,Municipio,0.5930000000,0.7660000000,True,-164.8649918735,-57.9964186080
10,Suchitepéquez,1015,Santa Bárbara,277.9677470200,1485.2253303800,-1207.2575833600,Municipio,1.0000000000,1.0000000000,False,-1207.2575833600,-1207.2575833600
10,Suchitepéquez,1016,San Juan Bautista,52.5359697200,466.6875886700,-414.1516189500,Municipio,1.0000000000,1.0000000000,False,-414.1516189500,-414.1516189500
10,Suchitepéquez,1017,Santo Tomas La Unión,0.6059642600,0.0000000000,0.6059642600,Municipio,1.0000000000,1.0000000000,False,0.6059642600,0.6059642600
10,Suchitepéquez,1018,Zunilito,0.0000000000,0.0000000000,0.0000000000,Municipio,1.0000000000,1.0000000000,False,0.0000000000,0.0000000000
10,Suchitepéquez,1019,Pueblo Nuevo,18.0290590700,0.0000000000,18.0290590700,Municipio,1.0000000000,1.0000000000,False,18.0290590700,18.0290590700
10,Suchitepéquez,1020,Río Bravo,365.2839713200,187.6637144500,177.6202568700,Municipio,0.5930000000,0.7660000000,True,221.5335660513,253.9993886511
10,Suchitepéquez,1021,La Máquina,30.0830834700,412.8064195700,-382.7233361000,Municipio,0.5930000000,0.7660000000,True,-286.1266339206,-214.7111233350
11,Retalhuleu,1101,Retalhuleu,976.9842781300,2092.0490755200,-1115.0647973900,Municipio,0.5930000000,0.7660000000,True,-625.5253137183,-263.6008236534
11,Retalhuleu,1102,San Sebastián,21.8950861900,162.9774359100,-141.0823497200,Municipio,0.5930000000,0.7660000000,True,-102.9456297171,-74.7505333046
11,Retalhuleu,1103,Santa Cruz Muluá,264.6805660900,588.3767677500,-323.6962016600,Municipio,0.5930000000,0.7660000000,True,-186.0160380065,-84.2268571857
11,Retalhuleu,1104,San Martín Zapotitlán,30.3970884000,0.0000000000,30.3970884000,Municipio,0.5930000000,0.7660000000,True,30.3970884000,30.3970884000
11,Retalhuleu,1105,San Felipe Retalhuleu,68.6044174200,31.1237178200,37.4806996000,Municipio,0.5930000000,0.7660000000,True,44.7636495699,50.1480527527
11,Retalhuleu,1106,San Andrés Villa Seca,793.8298810500,1072.2269761000,-278.3970950500,Municipio,0.5930000000,0.7660000000,True,-27.4959826426,157.9992842227
11,Retalhuleu,1107,Champerico,403.4097824100,1010.8792308500,-607.4694484400,Municipio,0.5930000000,0.7660000000,True,-370.9237084211,-196.0416014840
11,Retalhuleu,1108,Nuevo San Carlos,124.6958713500,339.7133156400,-215.0174442900,Municipio,0.5930000000,0.7660000000,True,-135.5245284302,-76.7541248245
11,Retalhuleu,1109,El Asintal,144.0838790200,454.1473725200,-310.0634935000,Municipio,0.5930000000,0.7660000000,True,-203.7930083303,-125.2255128844
12,San Marcos,1201,San Marcos,13.2905804500,8.0387083500,5.2518721000,Municipio,1.0000000000,1.0000000000,False,5.2518721000,5.2518721000
12,San Marcos,1202,San Pedro Sacatepéquez,24.7474658300,16.0826515200,8.6648143100,Municipio,1.0000000000,1.0000000000,False,8.6648143100,8.6648143100
12,San Marcos,1203,San Antonio Sacatepéquez,11.8433651200,0.1728735700,11.6704915500,Municipio,1.0000000000,1.0000000000,False,11.6704915500,11.6704915500
12,San Marcos,1204,Comitancillo,3.2821704800,0.2636593200,3.0185111600,Municipio,1.0000000000,1.0000000000,False,3.0185111600,3.0185111600
12,San Marcos,1205,San Miguel Ixtahuacán,35.2155343200,1.8127485300,33.4027857900,Municipio,1.0000000000,1.0000000000,False,33.4027857900,33.4027857900
12,San Marcos,1206,Concepción Tutuapa,24.0606156800,1.6400241100,22.4205915700,Municipio,1.0000000000,1.0000000000,False,22.4205915700,22.4205915700
12,San Marcos,1207,Tacaná,99.1622625800,184.2144885400,-85.0522259600,Municipio,1.0000000000,1.0000000000,False,-85.0522259600,-85.0522259600
12,San Marcos,1208,Sibinal,10.9983705900,35.1090559600,-24.1106853700,Municipio,1.0000000000,1.0000000000,False,-24.1106853700,-24.1106853700
12,San Marcos,1209,Tajumulco,25.8161226500,10.7798844400,15.0362382100,Municipio,1.0000000000,1.0000000000,False,15.0362382100,15.0362382100
12,San Marcos,1210,Tejutla,3.1095869000,0.3454567900,2.7641301100,Municipio,1.0000000000,1.0000000000,False,2.7641301100,2.7641301100
12,San Marcos,1211,San Rafael Pie de la Cuesta,0.0000000000,0.0000000000,0.0000000000,Municipio,1.0000000000,1.0000000000,False,0.0000000000,0.0000000000
12,San Marcos,1212,Nuevo Progreso,107.3661746800,517.3963642600,-410.0301895800,Municipio,0.5930000000,0.7660000000,True,-288.9594403432,-199.4498693262
12,San Marcos,1213,El Tumbador,117.7528046900,276.6380071800,-158.8852024900,Municipio,0.5930000000,0.7660000000,True,-94.1519088099,-46.2935335677
12,San Marcos,1214,El Rodeo,8.5659372700,50.7291197700,-42.1631825000,Municipio,0.5930000000,0.7660000000,True,-30.2925684738,-21.5164307536
12,San Marcos,1215,Malacatán,93.8634923100,1039.6022659700,-945.7387736600,Municipio,0.5930000000,0.7660000000,True,-702.4718434230,-522.6206514102
12,San Marcos,1216,Catarina,53.8228048700,273.2671472100,-219.4443423400,Municipio,0.5930000000,0.7660000000,True,-155.4998298929,-108.2246134255
12,San Marcos,1217,Ayutla,45.8048868300,15.0318768200,30.7730100100,Municipio,0.5930000000,0.7660000000,True,34.2904691859,36.8909838757
12,San Marcos,1218,Ocós,26.6230889600,64.0512311800,-37.4281422200,Municipio,0.5930000000,0.7660000000,True,-22.4401541239,-11.3592911297
12,San Marcos,1219,San Pablo,42.1756427800,409.3754008200,-367.1997580400,Municipio,0.5930000000,0.7660000000,True,-271.4059142481,-200.5839699063
12,San Marcos,1220,El Quetzal,9.9563145100,45.3644553200,-35.4081408100,Municipio,0.5930000000,0.7660000000,True,-24.7928582651,-16.9448074948
12,San Marcos,1221,La Reforma,6.0560140400,27.0287839800,-20.9727699400,Municipio,0.5930000000,0.7660000000,True,-14.6480344887,-9.9720548601
12,San Marcos,1222,Pajapita,589.6688456800,1006.9198436600,-417.2509979800,Municipio,0.5930000000,0.7660000000,True,-181.6317545636,-7.4346216104
12,San Marcos,1223,Ixchiguán,5.3811186800,15.8221604800,-10.4410418000,Municipio,1.0000000000,1.0000000000,False,-10.4410418000,-10.4410418000
12,San Marcos,1224,San José Ojetenam,9.0672977400,3.9722622400,5.0950355000,Municipio,1.0000000000,1.0000000000,False,5.0950355000,5.0950355000
12,San Marcos,1225,San Cristóbal Cucho,0.0000000000,0.0000000000,0.0000000000,Municipio,1.0000000000,1.0000000000,False,0.0000000000,0.0000000000
12,San Marcos,1226,Sipacapa,16.0610244000,14.4171878300,1.6438365700,Municipio,1.0000000000,1.0000000000,False,1.6438365700,1.6438365700
12,San Marcos,1227,Esquipulas Palo Gordo,2.7669876300,3.8912347800,-1.1242471500,Municipio,1.0000000000,1.0000000000,False,-1.1242471500,-1.1242471500
12,San Marcos,1228,Río Blanco,0.4320931600,0.1728074300,0.2592857300,Municipio,1.0000000000,1.0000000000,False,0.2592857300,0.2592857300
12,San Marcos,1229,San Lorenzo,38.2513062400,0.0000000000,38.2513062400,Municipio,1.0000000000,1.0000000000,False,38.2513062400,38.2513062400
12,San Marcos,1230,La Blanca,105.5209006700,133.5401244200,-28.0192237500,Municipio,0.5930000000,0.7660000000,True,3.2291653643,26.3316068889
13,Huehuetenango,1301,Huehuetenango,15.6197633700,0.0852433600,15.5345200100,Municipio,1.0000000000,1.0000000000,False,15.5345200100,15.5345200100
13,Huehuetenango,1302,Chiantla,85.1162736200,66.4959446500,18.6203289700,Municipio,1.0000000000,1.0000000000,False,18.6203289700,18.6203289700
13,Huehuetenango,1303,Malacatancito,47.4291715400,2.3001671300,45.1290044100,Municipio,1.0000000000,1.0000000000,False,45.1290044100,45.1290044100
13,Huehuetenango,1304,Cuilco,120.1219288700,29.6769555700,90.4449733000,Municipio,1.0000000000,1.0000000000,False,90.4449733000,90.4449733000
13,Huehuetenango,1305,Nentón,510.2892541800,181.9027562400,328.3864979400,Municipio,0.5940000000,0.5940000000,True,402.2390169734,402.2390169734
13,Huehuetenango,1306,San Pedro Nécta,12.7609459800,17.6774096800,-4.9164637000,Municipio,1.0000000000,1.0000000000,False,-4.9164637000,-4.9164637000
13,Huehuetenango,1307,Jacaltenango,79.0605150100,1.3754714700,77.6850435400,Municipio,0.5940000000,0.5940000000,True,78.2434849568,78.2434849568
13,Huehuetenango,1308,San Pedro Soloma,242.6241851600,161.1453916100,81.4787935500,Municipio,1.0000000000,1.0000000000,False,81.4787935500,81.4787935500
13,Huehuetenango,1309,San Idelfonso Ixtahuacán,5.3490652900,1.0354024700,4.3136628200,Municipio,1.0000000000,1.0000000000,False,4.3136628200,4.3136628200
13,Huehuetenango,1310,Santa Bárbara,7.2697907100,0.4314411600,6.8383495500,Municipio,1.0000000000,1.0000000000,False,6.8383495500,6.8383495500
13,Huehuetenango,1311,La Libertad,38.9129982400,10.6083254400,28.3046728000,Municipio,1.0000000000,1.0000000000,False,28.3046728000,28.3046728000
13,Huehuetenango,1312,La Democracia,5.1606020200,0.2559928600,4.9046091600,Municipio,1.0000000000,1.0000000000,False,4.9046091600,4.9046091600
13,Huehuetenango,1313,San Miguel Acatán,58.2409511300,21.1717779300,37.0691732000,Municipio,1.0000000000,1.0000000000,False,37.0691732000,37.0691732000
13,Huehuetenango,1314,San Rafael La Independencia,5.1687974700,16.2196713100,-11.0508738400,Municipio,1.0000000000,1.0000000000,False,-11.0508738400,-11.0508738400
13,Huehuetenango,1315,Todos Santos Cuchumatán,31.4357277300,14.0527338600,17.3829938700,Municipio,1.0000000000,1.0000000000,False,17.3829938700,17.3829938700
13,Huehuetenango,1316,San Juan Atitán,13.4708193300,0.1724679800,13.2983513500,Municipio,1.0000000000,1.0000000000,False,13.2983513500,13.2983513500
13,Huehuetenango,1317,Santa Eulalia,1081.4050057700,147.8821403600,933.5228654100,Municipio,1.0000000000,1.0000000000,False,933.5228654100,933.5228654100
13,Huehuetenango,1318,San Mateo Ixtatán,1338.8678244400,94.2441145400,1244.6237099000,Municipio,0.5940000000,0.5940000000,True,1282.8868204032,1282.8868204032
13,Huehuetenango,1319,Colotenango,5.8388088800,8.8837608500,-3.0449519700,Municipio,1.0000000000,1.0000000000,False,-3.0449519700,-3.0449519700
13,Huehuetenango,1320,San Sebastián Huehuetenango,2.7604479500,1.0351484100,1.7252995400,Municipio,1.0000000000,1.0000000000,False,1.7252995400,1.7252995400
13,Huehuetenango,1321,Tectitán,11.2640539100,4.8344348400,6.4296190700,Municipio,1.0000000000,1.0000000000,False,6.4296190700,6.4296190700
13,Huehuetenango,1322,Concepción Huista,39.8545233400,3.8834704100,35.9710529300,Municipio,0.5940000000,0.5940000000,True,37.5477419165,37.5477419165
13,Huehuetenango,1323,San Juan Ixcoy,133.3336472700,77.9181558200,55.4154914500,Municipio,1.0000000000,1.0000000000,False,55.4154914500,55.4154914500
13,Huehuetenango,1324,San Antonio Huista,2.5757253000,0.1723514400,2.4033738600,Municipio,0.5940000000,0.5940000000,True,2.4733485446,2.4733485446
13,Huehuetenango,1325,San Sebastián Coatán,41.1100720100,44.2521504200,-3.1420784100,Municipio,0.5940000000,0.5940000000,True,14.8242946605,14.8242946605
13,Huehuetenango,1326,Barillas,3000.8787835800,2906.9685941100,93.9101894700,Municipio,0.5940000000,0.5940000000,True,1274.1394386787,1274.1394386787
13,Huehuetenango,1327,Aguacatán,29.2442559500,0.4631563000,28.7810996500,Municipio,1.0000000000,1.0000000000,False,28.7810996500,28.7810996500
13,Huehuetenango,1328,San Rafael Pétzal,4.9394372100,0.7491816900,4.1902555200,Municipio,1.0000000000,1.0000000000,False,4.1902555200,4.1902555200
13,Huehuetenango,1329,San Gaspar Ixchil,4.2282722800,0.6311945400,3.5970777400,Municipio,1.0000000000,1.0000000000,False,3.5970777400,3.5970777400
13,Huehuetenango,1330,Santiago Chimaltenango,7.3827726200,5.5186359600,1.8641366600,Municipio,1.0000000000,1.0000000000,False,1.8641366600,1.8641366600
13,Huehuetenango,1331,Santa Ana Huista,9.5624877600,0.2584681300,9.3040196300,Municipio,0.5940000000,0.5940000000,True,9.4089576908,9.4089576908
13,Huehuetenango,1332,Unión Cantinil,8.7918464000,0.0000000000,8.7918464000,Municipio,0.5940000000,0.5940000000,True,8.7918464000,8.7918464000
13,Huehuetenango,1333,Petatán,0.6127797800,0.0000000000,0.6127797800,Municipio,0.5940000000,0.5940000000,True,0.6127797800,0.6127797800
14,Quiché,1401,Santa Cruz del Quiché,259.0522544100,0.2591270700,258.7931273400,Municipio,1.0000000000,1.0000000000,False,258.7931273400,258.7931273400
14,Quiché,1402,Chiché,375.9327401600,0.0000000000,375.9327401600,Municipio,1.0000000000,1.0000000000,False,375.9327401600,375.9327401600
14,Quiché,1403,Chinique,466.3902396200,0.0863709500,466.3038686700,Municipio,1.0000000000,1.0000000000,False,466.3038686700,466.3038686700
14,Quiché,1404,Zacualpa,197.5645272100,1.5884779900,195.9760492200,Municipio,1.0000000000,1.0000000000,False,195.9760492200,195.9760492200
14,Quiché,1405,Chajul,1002.1215214000,1993.1186264000,-990.9971050000,Municipio,0.5940000000,0.5940000000,True,-181.7909426816,-181.7909426816
14,Quiché,1406,Chichicastenango,127.1247567000,1.0376086700,126.0871480300,Municipio,1.0000000000,1.0000000000,False,126.0871480300,126.0871480300
14,Quiché,1407,Patzité,22.4789096500,0.0000000000,22.4789096500,Municipio,1.0000000000,1.0000000000,False,22.4789096500,22.4789096500
14,Quiché,1408,San Antonio Ilotenango,25.9160774400,0.0863598100,25.8297176300,Municipio,1.0000000000,1.0000000000,False,25.8297176300,25.8297176300
14,Quiché,1409,San Pedro Jocopilas,1508.6761319800,6.9553023100,1501.7208296700,Municipio,1.0000000000,1.0000000000,False,1501.7208296700,1501.7208296700
14,Quiché,1410,Cunén,267.8989545700,285.9034029900,-18.0044484200,Municipio,1.0000000000,1.0000000000,False,-18.0044484200,-18.0044484200
14,Quiché,1411,San Juan Cotzal,264.2703283300,47.6419305100,216.6283978200,Municipio,0.5940000000,0.5940000000,True,235.9710216071,235.9710216071
14,Quiché,1412,Joyabaj,223.4421157100,21.4711962100,201.9709195000,Municipio,1.0000000000,1.0000000000,False,201.9709195000,201.9709195000
14,Quiché,1413,Nebaj,974.1508499600,1293.4022833700,-319.2514334100,Municipio,0.5940000000,0.5940000000,True,205.8698936382,205.8698936382
14,Quiché,1414,San Andrés Sajcabajá,177.8627123100,132.5249525300,45.3377597800,Municipio,1.0000000000,1.0000000000,False,45.3377597800,45.3377597800
14,Quiché,1415,Uspantán,1963.2554621700,720.7533896000,1242.5020725700,Municipio,0.5940000000,0.5940000000,True,1535.1279487476,1535.1279487476
14,Quiché,1416,Sacapulas,227.7604692200,136.2240660100,91.5364032100,Municipio,0.2500000000,0.6500000000,True,139.2148263135,193.7044527175
14,Quiché,1417,San Bartolomé Jocotenango,342.9184694800,168.0114752600,174.9069942200,Municipio,0.2500000000,0.6500000000,True,233.7110105610,300.9156006650
14,Quiché,1418,Canillá,105.9588890900,341.4591077800,-235.5002186900,Municipio,0.2500000000,0.6500000000,True,-115.9895309670,20.5941121450
14,Quiché,1419,Chicamán,883.0235882100,78.2356461000,804.7879421100,Municipio,0.5940000000,0.5940000000,True,836.5516144266,836.5516144266
14,Quiché,1420,Ixcán,3420.6328027500,4393.4043389300,-972.7715361800,Municipio,0.5940000000,0.5940000000,True,810.9506254256,810.9506254256
14,Quiché,1421,Pachalum,6.8273412800,0.2593001900,6.5680410900,Municipio,0.2500000000,0.6500000000,True,6.6587961565,6.7625162325
15,Baja Verapaz,1501,Salamá,849.1907205000,199.2260475800,649.9646729200,Municipio,0.2500000000,0.6500000000,True,719.6937895730,799.3842086050
15,Baja Verapaz,1502,San Miguel Chicaj,52.4261172000,38.6209020900,13.8052151100,Municipio,0.2500000000,0.6500000000,True,27.3225308415,42.7708916775
15,Baja Verapaz,1503,Rabinal,153.6873849000,15.8474058300,137.8399790700,Municipio,0.2500000000,0.6500000000,True,143.3865711105,149.7255334425
15,Baja Verapaz,1504,Cubulco,1021.9000433900,9.8392989600,1012.0607444300,Municipio,0.2500000000,0.6500000000,True,1015.5044990660,1019.4402186500
15,Baja Verapaz,1505,Granados,150.4384114000,3.3155674100,147.1228439900,Municipio,0.2500000000,0.6500000000,True,148.2832925835,149.6095195475
15,Baja Verapaz,1506,El Chol,36.2148505000,2.2760410200,33.9388094800,Municipio,0.2500000000,0.6500000000,True,34.7354238370,35.6458402450
15,Baja Verapaz,1507,San Jerónimo,684.2164644900,30.6433171700,653.5731473200,Municipio,0.2500000000,0.6500000000,True,664.2983083295,676.5556351975
15,Baja Verapaz,1508,Purulhá,867.8568792600,30.6098029300,837.2470763300,Municipio,1.0000000000,1.0000000000,False,837.2470763300,837.2470763300
16,Alta Verapaz,1601,Cobán,6607.6721142300,925.7728768600,5681.8992373700,Municipio,1.0000000000,1.0000000000,False,5681.8992373700,5681.8992373700
16,Alta Verapaz,1602,Santa Cruz Verapaz,205.0042686300,408.7283649200,-203.7240962900,Municipio,1.0000000000,1.0000000000,False,-203.7240962900,-203.7240962900
16,Alta Verapaz,1603,San Cristóbal Verapaz,1059.4139705200,252.1042785300,807.3096919900,Municipio,1.0000000000,1.0000000000,False,807.3096919900,807.3096919900
16,Alta Verapaz,1604,Tactic,174.4797050500,58.1497823000,116.3299227500,Municipio,1.0000000000,1.0000000000,False,116.3299227500,116.3299227500
16,Alta Verapaz,1605,Tamahú,101.6513174500,3.1922819100,98.4590355400,Municipio,1.0000000000,1.0000000000,False,98.4590355400,98.4590355400
16,Alta Verapaz,1606,Tucurú,319.7262616900,14.5808616400,305.1454000500,Municipio,1.0000000000,1.0000000000,False,305.1454000500,305.1454000500
16,Alta Verapaz,1607,Panzós,1981.1605313900,54.6013363800,1926.5591950100,Municipio,0.5940000000,0.5940000000,True,1948.7273375803,1948.7273375803
16,Alta Verapaz,1608,Senahú,3231.6878176500,91.4759187400,3140.2118989100,Municipio,0.5940000000,0.5940000000,True,3177.3511219184,3177.3511219184
16,Alta Verapaz,1609,San Pedro Carchá,3369.2938635100,1177.1890391300,2192.1048243800,Municipio,0.5940000000,0.5940000000,True,2670.0435742668,2670.0435742668
16,Alta Verapaz,1610,San Juan Chamelco,262.1493808500,379.8429125800,-117.6935317300,Municipio,0.5940000000,0.5940000000,True,36.5226907775,36.5226907775
16,Alta Verapaz,1611,Lanquín,615.3353952500,1570.8357259100,-955.5003306600,Municipio,0.5940000000,0.5940000000,True,-317.7410259405,-317.7410259405
16,Alta Verapaz,1612,Cahabón,3064.5690216100,1419.7240484100,1644.8449732000,Municipio,0.5940000000,0.5940000000,True,2221.2529368545,2221.2529368545
16,Alta Verapaz,1613,Chisec,3481.5145586500,3339.8232995700,141.6912590800,Municipio,0.5940000000,0.5940000000,True,1497.6595187054,1497.6595187054
16,Alta Verapaz,1614,Chahal,1896.7959948300,1563.9504471900,332.8455476400,Municipio,0.5940000000,0.5940000000,True,967.8094291991,967.8094291991
16,Alta Verapaz,1615,Fray Bartolomé de las Casas,3585.5108968600,2061.8379414300,1523.6729554300,Municipio,0.5940000000,0.5940000000,True,2360.7791596506,2360.7791596506
16,Alta Verapaz,1616,Santa Catalina la Tinta,466.4462897800,4.4881795800,461.9581102000,Municipio,0.5940000000,0.5940000000,True,463.7803111095,463.7803111095
16,Alta Verapaz,1617,Raxruhá,1786.2149979300,1124.3843954400,661.8306024900,Municipio,0.5940000000,0.5940000000,True,1118.3306670386,1118.3306670386
17,Petén,1701,Flores,7237.4976479900,8226.3262679700,-988.8286199800,Municipio,0.6640000000,0.6670000000,True,1750.5380272540,1775.2170060579
17,Petén,1702,San José,2412.3167145900,1835.3307007400,576.9860138500,Municipio,0.6640000000,0.6670000000,True,1188.1511371964,1193.6571292986
17,Petén,1703,San Benito,791.9674072400,1199.7333837200,-407.7659764800,Municipio,0.6640000000,0.6670000000,True,-8.2547597012,-4.6555595501
17,Petén,1704,San Andrés,36273.4674582700,27107.4770755500,9165.9903827200,Municipio,0.6640000000,0.6670000000,True,18192.7802488781,18274.1026801048
17,Petén,1705,La Libertad,25181.6884252600,17057.5055477800,8124.1828774800,Municipio,0.6640000000,0.6670000000,True,13804.3322248907,13855.5047415341
17,Petén,1706,San Francisco,2785.1632618200,2289.7213057700,495.4419560500,Municipio,0.6640000000,0.6670000000,True,1257.9191508714,1264.7883147887
17,Petén,1707,Santa Ana,4233.7967955600,5860.5798452100,-1626.7830496500,Municipio,0.6640000000,0.6670000000,True,324.7900388049,342.3717783406
17,Petén,1708,Dolores,7108.2912476700,10293.3639892200,-3185.0727415500,Municipio,0.5940000000,0.5940000000,True,994.0330380733,994.0330380733
17,Petén,1709,San Luis,12351.4146271600,13370.2092940100,-1018.7946668500,Municipio,0.5940000000,0.5940000000,True,4409.5103065181,4409.5103065181
17,Petén,1710,Sayaxché,12525.8602300500,14289.3399833300,-1763.4797532800,Municipio,0.5940000000,0.5940000000,True,4037.9922799520,4037.9922799520
17,Petén,1711,Melchor de Mencos,6936.8776264600,5207.6051296600,1729.2724968000,Municipio,0.6640000000,0.6670000000,True,3463.4050049768,3479.0278203658
17,Petén,1712,Poptún,11893.9754961500,9060.0469402500,2833.9285559000,Municipio,0.5940000000,0.5940000000,True,6512.3076136415,6512.3076136415
17,Petén,1713,Las Cruces,7597.6452696200,6721.5255335300,876.1197360900,Municipio,0.6640000000,0.6670000000,True,3114.3877387555,3134.5523153561
17,Petén,1714,El Chal,3186.8760894400,2925.5684728000,261.3076166400,Municipio,0.5940000000,0.5940000000,True,1449.0884165968,1449.0884165968
18,Izabal,1801,Puerto Barrios,2009.3675697500,94.0507412000,1915.3168285500,Municipio,0.5930000000,0.7660000000,True,1937.3247019908,1953.5954802184
18,Izabal,1802,Livingston,7163.5344335300,2063.9356030400,5099.5988304900,Municipio,0.5930000000,0.7660000000,True,5582.5597616014,5939.6206209273
18,Izabal,1803,El Estor,4835.8520286100,1979.9647572600,2855.8872713500,Municipio,0.5930000000,0.7660000000,True,3319.1990245488,3661.7329275548
18,Izabal,1804,Morales,1163.2272474200,947.8928114300,215.3344359900,Municipio,0.5930000000,0.7660000000,True,437.1413538646,601.1268102420
18,Izabal,1805,Los Amates,861.6970483600,377.7936209200,483.9034274400,Municipio,0.5930000000,0.7660000000,True,572.3071347353,637.6654311544
19,Zacapa,1901,Zacapa,596.1121036300,256.1819501700,339.9301534600,Municipio,0.2500000000,0.6500000000,True,429.5938360195,532.0666160875
19,Zacapa,1902,Estanzuela,0.6053564100,43.9380789100,-43.3327225000,Municipio,0.2500000000,0.6500000000,True,-27.9543948815,-10.3791633175
19,Zacapa,1903,Río Hondo,245.9562122900,86.8874190700,159.0687932200,Municipio,0.2500000000,0.6500000000,True,189.4793898945,224.2343575225
19,Zacapa,1904,Gualán,617.1798737400,1432.0827753600,-814.9029016200,Municipio,0.2500000000,0.6500000000,True,-313.6739302440,259.1591799000
19,Zacapa,1905,Teculután,48.9116782800,57.9830105900,-9.0713323100,Municipio,0.2500000000,0.6500000000,True,11.2227213965,34.4159256325
19,Zacapa,1906,Usumatlán,17.1731635800,1.7277883300,15.4453752500,Municipio,0.2500000000,0.6500000000,True,16.0501011655,16.7412164975
19,Zacapa,1907,Cabañas,79.6194390500,165.6145039400,-85.9950648900,Municipio,0.2500000000,0.6500000000,True,-28.0299885110,38.2158130650
19,Zacapa,1908,San Diego,190.4378036400,0.0000000000,190.4378036400,Municipio,0.2500000000,0.6500000000,True,190.4378036400,190.4378036400
19,Zacapa,1909,La Unión,190.9352530000,3.6308450100,187.3044079900,Municipio,0.2500000000,0.6500000000,True,188.5752037435,190.0275417475
19,Zacapa,1910,Huité,106.8177919000,137.2821408800,-30.4643489800,Municipio,0.2500000000,0.6500000000,True,17.5844003280,72.4972566800
19,Zacapa,1911,San Jorge,1.1240345900,0.0099689300,1.1140656600,Municipio,0.2500000000,0.6500000000,True,1.1175547855,1.1215423575
20,Chiquimula,2001,Chiquimula,1215.9342214000,18.9107429100,1197.0234784900,Municipio,0.3360000000,0.8490000000,True,1199.8790006694,1209.5802117822
20,Chiquimula,2002,San José La Arada,323.1128568600,0.8653420100,322.2475148500,Municipio,0.3360000000,0.8490000000,True,322.3781814935,322.8221019446
20,Chiquimula,2003,San Juan la Ermita,2.3360506200,0.0000000000,2.3360506200,Municipio,0.3360000000,0.8490000000,True,2.3360506200,2.3360506200
20,Chiquimula,2004,Jocotán,80.5582712900,0.6917304800,79.8665408100,Municipio,0.3360000000,0.8490000000,True,79.9709921125,80.3258498487
20,Chiquimula,2005,Camotán,226.5919096800,1.4765028800,225.1154068000,Municipio,0.3360000000,0.8490000000,True,225.3383587349,226.0958047123
20,Chiquimula,2006,Olopa,1.4714022500,0.0865551400,1.3848471100,Municipio,0.3360000000,0.8490000000,True,1.3979169361,1.4423197230
20,Chiquimula,2007,Esquipulas,139.0243942200,3.5492065500,135.4751876700,Municipio,0.3360000000,0.8490000000,True,136.0111178591,137.8318608192
20,Chiquimula,2008,Concepción Las Minas,23.0430196000,53.5257999600,-30.4827803600,Municipio,0.3360000000,0.8490000000,True,-22.4003845660,5.0583508134
20,Chiquimula,2009,Quezaltepeque,27.0962891800,0.5194490000,26.5768401800,Municipio,0.3360000000,0.8490000000,True,26.6552769790,26.9217543160
20,Chiquimula,2010,San Jacinto,0.0865394900,0.0865381500,0.0000013400,Municipio,0.3360000000,0.8490000000,True,0.0130686006,0.0574626716
20,Chiquimula,2011,Ipala,5.4565007900,61.8513560000,-56.3948552100,Municipio,0.3360000000,0.8490000000,True,-47.0553004540,-15.3255548260
21,Jalapa,2101,Jalapa,389.4654035500,143.3660539100,246.0993496400,Municipio,0.3360000000,0.8490000000,True,267.7476237804,341.2944094362
21,Jalapa,2102,San Pedro Pinula,251.5462359300,3.8989348500,247.6473010800,Municipio,0.3360000000,0.8490000000,True,248.2360402423,250.2361938204
21,Jalapa,2103,San Luis Jilotepeque,302.9444691500,12.5808555500,290.3636136000,Municipio,0.3360000000,0.8490000000,True,292.2633227880,298.7173016852
21,Jalapa,2104,San Manuel Chaparrón,18.5880290700,1.0109301000,17.5770989700,Municipio,0.3360000000,0.8490000000,True,17.7297494151,18.2483565564
21,Jalapa,2105,San Carlos Alzatate,10.7398781100,4.1568079600,6.5830701500,Municipio,0.3360000000,0.8490000000,True,7.2107481520,9.3431906354
21,Jalapa,2106,Monjas,9.7537771000,0.0865978600,9.6671792400,Municipio,0.3360000000,0.8490000000,True,9.6802555169,9.7246802190
21,Jalapa,2107,Mataquescuintla,180.2354735600,48.0494971700,132.1859763900,Municipio,0.3360000000,0.8490000000,True,139.4414504627,164.0908425109
22,Jutiapa,2201,Jutiapa,103.7887547100,11.0079022300,92.7808524800,Municipio,0.3360000000,0.8490000000,True,94.4430457167,100.0900995607
22,Jutiapa,2202,El Progreso,0.0000000000,0.0000000000,0.0000000000,Municipio,0.3360000000,0.8490000000,True,0.0000000000,0.0000000000
22,Jutiapa,2203,Santa Catarina Mita,22.2001544400,9.7004254000,12.4997290400,Municipio,0.3360000000,0.8490000000,True,13.9644932754,18.9408115056
22,Jutiapa,2204,Agua Blanca,44.4970645700,113.2390549100,-68.7419903400,Municipio,0.3360000000,0.8490000000,True,-51.6428930486,6.4487421202
22,Jutiapa,2205,Asunción Mita,33.3087381400,269.1303485500,-235.8216104100,Municipio,0.3360000000,0.8490000000,True,-195.1829277790,-57.1190589728
22,Jutiapa,2206,Yupiltepeque,0.0000000000,0.0000000000,0.0000000000,Municipio,0.3360000000,0.8490000000,True,0.0000000000,0.0000000000
22,Jutiapa,2207,Atescatempa,0.0000000000,1.9149837200,-1.9149837200,Municipio,0.3360000000,0.8490000000,True,-1.6258211783,-0.6434345299
22,Jutiapa,2208,Jerez,47.9646415900,8.6799854600,39.2846561300,Municipio,0.3360000000,0.8490000000,True,40.5953339345,45.0481664754
22,Jutiapa,2209,El Adelanto,0.0000000000,19.5122635900,-19.5122635900,Municipio,0.3360000000,0.8490000000,True,-16.5659117879,-6.5561205662
22,Jutiapa,2210,Zapotitlán,3.5739366200,55.4908941600,-51.9169575400,Municipio,0.3360000000,0.8490000000,True,-43.5378325218,-15.0710038178
22,Jutiapa,2211,Comapa,21.2676856100,161.8131060800,-140.5454204700,Municipio,0.3360000000,0.8490000000,True,-116.1116414519,-33.1015180329
22,Jutiapa,2212,Jalpatagua,392.9120424500,222.4595400400,170.4525024100,Municipio,0.3360000000,0.8490000000,True,204.0438929560,318.1656369966
22,Jutiapa,2213,Conguaco,52.5761510900,9.0256147700,43.5505363200,Municipio,0.3360000000,0.8490000000,True,44.9134041503,49.5435445273
22,Jutiapa,2214,Moyuta,351.3364968900,184.0305041900,167.3059927000,Municipio,0.3360000000,0.8490000000,True,195.0945988327,289.5022474822
22,Jutiapa,2215,Pasaco,65.0754267900,83.6759956400,-18.6005688500,Municipio,0.3360000000,0.8490000000,True,-5.9654935084,36.9602922550
22,Jutiapa,2216,San José Acatempa,48.9762432500,12.7543172000,36.2219260500,Municipio,0.3360000000,0.8490000000,True,38.1478279472,44.6907926708
22,Jutiapa,2217,Quesada,19.8927570200,0.0000000000,19.8927570200,Municipio,0.3360000000,0.8490000000,True,19.8927570200,19.8927570200
