variable,definicion,tipo,unidad,capa,archivos,construccion_notas
acumulado_inferior_ha,Límite inferior de pérdida acumulada hasta el año indicado,numérico,ha,procesada,02_resultados_y_diccionario/trayectorias_forestales_fisicas_guatemala_2026_2035.csv,Resultado inferior anual multiplicado por el número de años transcurridos
acumulado_superior_ha,Límite superior de pérdida acumulada hasta el año indicado,numérico,ha,procesada,02_resultados_y_diccionario/trayectorias_forestales_fisicas_guatemala_2026_2035.csv,Resultado superior anual multiplicado por el número de años transcurridos
ambito,Nombre del agregado territorial o analítico,texto,no aplica,procesada,02_resultados_y_diccionario/completacion_conservadora_resumen_guatemala_2016_2020.csv; 02_resultados_y_diccionario/resultados_institucionales_guatemala_2016_2020.csv; 02_resultados_y_diccionario/resultados_recuperacion_ponderada_dominio_guatemala_2016_2020.csv; 02_resultados_y_diccionario/resumen_manglar_guatemala_2016_2020.csv,Identifica Guatemala dominio de aplicación o aproximación local
anio,Año calendario de una trayectoria prospectiva,entero,año,procesada,02_resultados_y_diccionario/trayectorias_forestales_fisicas_guatemala_2026_2035.csv,Secuencia 2026-2035
anio_base,Año de precios o referencia del parámetro,entero,año,entrada,01_metodologia/parametros/parametros_valoracion_servicios_ecosistemicos_guatemala_2019_2026.csv,Se conserva según la fuente
anio_final,Año nominal final del periodo,entero,año,entrada y procesada,00_trazabilidad_fuentes/serie_historica_cobertura_forestal_guatemala_1991_2016.csv,No necesariamente coincide con el intervalo efectivo usado por el estudio
anio_inicial,Año nominal inicial del periodo,entero,año,entrada y procesada,00_trazabilidad_fuentes/serie_historica_cobertura_forestal_guatemala_1991_2016.csv,No necesariamente coincide con el intervalo efectivo usado por el estudio
bajan_carbono_y_area_basal,Número de series multitemporales con disminución conjunta de carbono y área basal,entero,series,entrada,00_trazabilidad_fuentes/evidencia_parcelas_permanentes_manglar_guatemala.csv,Componente de la evidencia estructural local
balance_neto_cobertura_ha,Nombre original de la pérdida neta de cobertura,numérico,ha acumuladas 2016-2020,entrada,00_trazabilidad_fuentes/base_forestal_municipios_guatemala_2016_2020.csv,Se renombra como perdida_neta_ha al leer la base y cumple B-R
brecha_ponderacion_inferior_ha,Diferencia entre el límite inferior ponderado y la pérdida neta institucional,numérico,ha,procesada,02_resultados_y_diccionario/resultados_recuperacion_ponderada_municipios_guatemala_2016_2020.csv,saldo_ponderado_inferior_ha menos perdida_neta_ha
brecha_ponderacion_superior_ha,Diferencia entre el límite superior ponderado y la pérdida neta institucional,numérico,ha,procesada,02_resultados_y_diccionario/resultados_recuperacion_ponderada_municipios_guatemala_2016_2020.csv,saldo_ponderado_superior_ha menos perdida_neta_ha
bytes,Tamaño del archivo registrado,entero,bytes,metadatos,05_verificacion/manifiesto_resultados.csv,Calculado sobre el archivo exacto
proporcion_region_id,Identificador estable de la región de referencia de las proporciones,texto,no aplica,entrada y procesada,00_trazabilidad_fuentes/trazabilidad_municipio_region_guatemala_2016_2020.csv; 02_resultados_y_diccionario/catalogo_proporciones_recuperacion_biomasa_20_anios.csv; 02_resultados_y_diccionario/resultados_recuperacion_ponderada_municipios_guatemala_2016_2020.csv,Vincula elegibilidad municipal y catálogo de proporciones
caracter,Naturaleza de la correspondencia usada para la región de referencia,texto,no aplica,entrada y procesada,02_resultados_y_diccionario/catalogo_proporciones_recuperacion_biomasa_20_anios.csv; 02_resultados_y_diccionario/resultados_recuperacion_ponderada_municipios_guatemala_2016_2020.csv,Por ejemplo proxy regional operativo o sobre analítico
cambio_clasificacion,Transición entre la clasificación institucional y la ponderada,texto,categoría,procesada,02_resultados_y_diccionario/cambios_clasificacion_ponderada_municipios_guatemala_2016_2020.csv,Concatena la clase de origen y destino con una flecha
clasificacion_estructural,Clasificación del intervalo estructural local,texto,categoría,procesada,02_resultados_y_diccionario/resultados_manglar_municipios_guatemala_2016_2020.csv; 02_resultados_y_diccionario/comparacion_recuperacion_ponderada_y_manglar_municipios_guatemala_2016_2020.csv,Pérdida si el límite inferior es positivo ganancia si el superior es negativo e indeterminado si contiene cero
clasificacion_institucional,Signo de la pérdida neta institucional,texto,categoría,procesada,02_resultados_y_diccionario/resultados_institucionales_municipios_guatemala_2016_2020.csv; 02_resultados_y_diccionario/resultados_recuperacion_ponderada_municipios_guatemala_2016_2020.csv; 02_resultados_y_diccionario/transiciones_clasificacion_ponderada_municipios_guatemala_2016_2020.csv; 02_resultados_y_diccionario/cambios_clasificacion_ponderada_municipios_guatemala_2016_2020.csv,Pérdida para valores positivos ganancia para negativos y equilibrio dentro de tolerancia
clasificacion_ponderada,Clasificación del intervalo de recuperación ponderada,texto,categoría,procesada,02_resultados_y_diccionario/resultados_recuperacion_ponderada_municipios_guatemala_2016_2020.csv; 02_resultados_y_diccionario/comparacion_recuperacion_ponderada_y_manglar_municipios_guatemala_2016_2020.csv; 02_resultados_y_diccionario/transiciones_clasificacion_ponderada_municipios_guatemala_2016_2020.csv; 02_resultados_y_diccionario/cambios_clasificacion_ponderada_municipios_guatemala_2016_2020.csv,Pérdida ganancia o indeterminado según el intervalo completo
cod_dep,Código de departamento,entero,código administrativo,entrada y procesada,00_trazabilidad_fuentes/base_forestal_municipios_guatemala_2016_2020.csv; 00_trazabilidad_fuentes/trazabilidad_municipio_region_guatemala_2016_2020.csv,Se conserva como entero anulable
codigo,Código municipal,entero anulable,código administrativo,entrada y procesada,00_trazabilidad_fuentes/base_forestal_municipios_guatemala_2016_2020.csv; 00_trazabilidad_fuentes/trazabilidad_municipio_region_guatemala_2016_2020.csv,Es nulo en dos unidades lacustres y único entre municipios
codigo_canonico,Código municipal normalizado a cuatro dígitos,texto anulable,código administrativo,trazabilidad,00_trazabilidad_fuentes/trazabilidad_municipio_region_guatemala_2016_2020.csv,Es la llave usada por las listas explícitas y falta solo en las dos unidades lacustres
codigo_municipio,Código municipal en la evidencia PPM,entero,código administrativo,entrada,00_trazabilidad_fuentes/evidencia_parcelas_permanentes_manglar_guatemala.csv,Se renombra como codigo durante el cruce territorial
control,Nombre del control automático,texto,no aplica,procesada,05_verificacion/controles_calidad_saldo_forestal_guatemala_2016_2020.csv,Describe la condición auditada
criterio_operativo,Explicación territorial de la decisión codificada,texto,no aplica,trazabilidad,00_trazabilidad_fuentes/trazabilidad_municipio_region_guatemala_2016_2020.csv,Documenta el criterio sin afirmar validación ecológica
descripcion,Descripción narrativa del escenario,texto,no aplica,entrada,01_metodologia/parametros/supuestos_escenarios_forestales_guatemala_2026_2035.csv,Debe explicar qué flujos modifica
decision_manual_codificada,Indica si la decisión experta fue fijada en una regla explícita,texto,categoría,trazabilidad,00_trazabilidad_fuentes/trazabilidad_municipio_region_guatemala_2016_2020.csv,Usa si no o no_aplica según el tipo de unidad y decisión
detalle,Resultado explicativo del control,texto,no aplica,procesada,05_verificacion/controles_calidad_saldo_forestal_guatemala_2016_2020.csv,Incluye conteo valor o condición observada
depto,Nombre del departamento,texto,no aplica,entrada y procesada,00_trazabilidad_fuentes/base_forestal_municipios_guatemala_2016_2020.csv; 00_trazabilidad_fuentes/trazabilidad_municipio_region_guatemala_2016_2020.csv,Nombre proveniente de la base territorial
dimension,Dimensión del costo ambiental contextual,texto,no aplica,entrada y procesada,00_trazabilidad_fuentes/costos_contextuales_no_aditivos_guatemala_2026.csv,No se integra a los totales forestales
en_dominio_recuperacion,Indica si la unidad recibe una proporción de recuperación a veinte años,booleano,verdadero o falso,procesada,02_resultados_y_diccionario/completacion_conservadora_unidades_guatemala_2016_2020.csv,Falso implica rho aplicada igual a uno en la completación conservadora
equivalencia_indicativa_2026_gtq_millones,Equivalencia monetaria contextual homologada a 2026,numérico,millones de GTQ,entrada y procesada,00_trazabilidad_fuentes/costos_contextuales_no_aditivos_guatemala_2026.csv,Contexto no aditivo y sin atribución causal a la deforestación
escenario,Nombre de la trayectoria futura,texto,no aplica,entrada y procesada,01_metodologia/parametros/supuestos_escenarios_forestales_guatemala_2026_2035.csv; 02_resultados_y_diccionario/escenarios_forestales_guatemala_2026_2035.csv; 02_resultados_y_diccionario/escenarios_forestales_valorados_guatemala_2026_2035.csv; 02_resultados_y_diccionario/trayectorias_forestales_fisicas_guatemala_2026_2035.csv,Se cruza con los tres resultados forestales
estado,Estado del control automático,texto,categoría,procesada,05_verificacion/controles_calidad_saldo_forestal_guatemala_2016_2020.csv,Valor esperado Cumple
estado_dominio,Decisión de elegibilidad para aplicar rho20,texto,categoría,entrada y trazabilidad,00_trazabilidad_fuentes/trazabilidad_municipio_region_guatemala_2016_2020.csv,Distingue elegible_recuperacion_20_anios fuera_dominio_regla_residual y unidad_no_municipal
estado_evidencia,Estado del soporte de la correspondencia territorial,texto,categoría,trazabilidad,00_trazabilidad_fuentes/trazabilidad_municipio_region_guatemala_2016_2020.csv,Diferencia la correspondencia territorial experta codificada de los atributos directos de la fuente
flujo_anual_inferior_gtq,Valor monetario anual del límite inferior de pérdida,numérico,GTQ por año,procesada,02_resultados_y_diccionario/valoracion_resultados_forestales_guatemala_2016_2020_precios_2026.csv; 02_resultados_y_diccionario/escenarios_forestales_valorados_guatemala_2026_2035.csv,resultado_inferior_anual_ha por valor_unitario_gtq_ha_anio
flujo_anual_superior_gtq,Valor monetario anual del límite superior de pérdida,numérico,GTQ por año,procesada,02_resultados_y_diccionario/valoracion_resultados_forestales_guatemala_2016_2020_precios_2026.csv; 02_resultados_y_diccionario/escenarios_forestales_valorados_guatemala_2026_2035.csv,resultado_superior_anual_ha por valor_unitario_gtq_ha_anio
fuente,Referencia abreviada del dato o parámetro,texto,no aplica,entrada y procesada,01_metodologia/parametros/parametros_valoracion_servicios_ecosistemicos_guatemala_2019_2026.csv; 00_trazabilidad_fuentes/costos_contextuales_no_aditivos_guatemala_2026.csv,Consultar 00_trazabilidad_fuentes/registro_fuentes_saldo_forestal_guatemala.csv para trazabilidad completa
fuente_intervalo,Identificador de la fuente del intervalo regional,texto,no aplica,trazabilidad,00_trazabilidad_fuentes/trazabilidad_municipio_region_guatemala_2016_2020.csv,Vincula cada municipio incluido con la fuente de su proporción
fuente_universo,Identificador de la fuente del universo territorial,texto,no aplica,trazabilidad,00_trazabilidad_fuentes/trazabilidad_municipio_region_guatemala_2016_2020.csv,Referencia la base INAB 2016-2020 usada como universo
ganancia_bruta_ha,Nombre original de la ganancia de cobertura reportada,numérico,ha acumuladas 2016-2020,entrada,00_trazabilidad_fuentes/base_forestal_municipios_guatemala_2016_2020.csv,Se renombra como recuperacion_bruta_ha al leer la base
horizonte_servicios_anios,Número de años de servicios valorados para cada cohorte,entero,años,procesada,02_resultados_y_diccionario/valoracion_resultados_forestales_guatemala_2016_2020_precios_2026.csv,Valor central igual a 25
indicador_fuente,Indicador expresado originalmente por la fuente,texto,no aplica,entrada y procesada,00_trazabilidad_fuentes/costos_contextuales_no_aditivos_guatemala_2026.csv,Se conserva como contexto documental
intervalo_efectivo_anios,Duración efectiva usada por el estudio histórico,numérico,años,entrada y procesada,00_trazabilidad_fuentes/serie_historica_cobertura_forestal_guatemala_1991_2016.csv,Puede diferir de la resta entre años nominales
justificacion,Razón ecológica u operativa de la región de referencia,texto,no aplica,entrada y procesada,02_resultados_y_diccionario/catalogo_proporciones_recuperacion_biomasa_20_anios.csv; 02_resultados_y_diccionario/resultados_recuperacion_ponderada_municipios_guatemala_2016_2020.csv,Documenta la correspondencia y no implica validación de campo municipal
multiplicador_perdida_bruta,Factor aplicado a la pérdida bruta en un escenario,numérico adimensional,proporción,entrada y procesada,01_metodologia/parametros/supuestos_escenarios_forestales_guatemala_2026_2035.csv; 02_resultados_y_diccionario/escenarios_forestales_guatemala_2026_2035.csv; 02_resultados_y_diccionario/escenarios_forestales_valorados_guatemala_2026_2035.csv,Debe ser no negativo
multiplicador_recuperacion,Factor aplicado a la recuperación en un escenario,numérico adimensional,proporción,entrada y procesada,01_metodologia/parametros/supuestos_escenarios_forestales_guatemala_2026_2035.csv; 02_resultados_y_diccionario/escenarios_forestales_guatemala_2026_2035.csv; 02_resultados_y_diccionario/escenarios_forestales_valorados_guatemala_2026_2035.csv,Debe ser no negativo y aumentar si el escenario se denomina restauración
municipio,Nombre de la unidad municipal o lacustre,texto,no aplica,entrada y procesada,00_trazabilidad_fuentes/base_forestal_municipios_guatemala_2016_2020.csv; 00_trazabilidad_fuentes/trazabilidad_municipio_region_guatemala_2016_2020.csv,Debe interpretarse junto con tipo_unidad
municipios,Número de municipios incluidos en un agregado o transición,entero,municipios,procesada,02_resultados_y_diccionario/resultados_recuperacion_ponderada_dominio_guatemala_2016_2020.csv; 02_resultados_y_diccionario/resultados_recuperacion_ponderada_regiones_guatemala_2016_2020.csv; 02_resultados_y_diccionario/resultados_recuperacion_ponderada_departamentos_guatemala_2016_2020.csv; 02_resultados_y_diccionario/resumen_manglar_guatemala_2016_2020.csv; 02_resultados_y_diccionario/transiciones_clasificacion_ponderada_municipios_guatemala_2016_2020.csv,No incluye unidades lacustres salvo declaración distinta
municipios_con_proporcion,Número de unidades de la completación que pertenecen al dominio de aplicación,entero,municipios,procesada,02_resultados_y_diccionario/completacion_conservadora_resumen_guatemala_2016_2020.csv,Valor esperado 172
nota,Advertencia o aclaración del parámetro,texto,no aplica,entrada,01_metodologia/parametros/parametros_valoracion_servicios_ecosistemicos_guatemala_2019_2026.csv,Debe acompañar la interpretación del valor
origen_decision,Procedencia lógica de la asignación territorial,texto,categoría,trazabilidad,00_trazabilidad_fuentes/trazabilidad_municipio_region_guatemala_2016_2020.csv,Distingue atributos directos de la fuente y el procedimiento_reconstruido documentado
numero_cohortes,Número de cohortes anuales de pérdida en la trayectoria valorada,entero,cohortes,procesada,02_resultados_y_diccionario/valoracion_resultados_forestales_guatemala_2016_2020_precios_2026.csv,Valor central igual a 10
parametro,Identificador del parámetro de valoración,texto,no aplica,entrada,01_metodologia/parametros/parametros_valoracion_servicios_ecosistemicos_guatemala_2019_2026.csv,Clave estable dentro del archivo
perdida_bruta_anual_ha,Tasa media anual de pérdida bruta,numérico,ha por año,procesada,02_resultados_y_diccionario/resultados_institucionales_*guatemala_2016_2020.csv; 02_resultados_y_diccionario/completacion_conservadora_resumen_guatemala_2016_2020.csv,perdida_bruta_ha dividida entre cuatro
perdida_bruta_anual_reportada_ha,Pérdida bruta anual publicada para el periodo histórico,numérico,ha por año,entrada y procesada,00_trazabilidad_fuentes/serie_historica_cobertura_forestal_guatemala_1991_2016.csv,Se conserva como cifra reportada y no se recalcula desde años nominales
perdida_bruta_ha,Pérdida de cobertura antes de restar recuperación,numérico,ha acumuladas 2016-2020,entrada y procesada,00_trazabilidad_fuentes/base_forestal_municipios_guatemala_2016_2020.csv; 02_resultados_y_diccionario/resultados_*_guatemala_2016_2020*.csv,Variable B del marco analítico
perdida_bruta_total_ha,Pérdida bruta total publicada para un periodo histórico,numérico,ha,entrada y procesada,00_trazabilidad_fuentes/serie_historica_cobertura_forestal_guatemala_1991_2016.csv,Periodo indicado por anio_inicial y anio_final
perdida_neta_anual_ha,Tasa media anual de pérdida neta,numérico,ha por año,procesada,02_resultados_y_diccionario/resultados_institucionales_*guatemala_2016_2020.csv; 02_resultados_y_diccionario/completacion_conservadora_resumen_guatemala_2016_2020.csv,perdida_neta_ha dividida entre cuatro
perdida_neta_anual_reportada_ha,Pérdida neta anual publicada para el periodo histórico,numérico,ha por año,entrada y procesada,00_trazabilidad_fuentes/serie_historica_cobertura_forestal_guatemala_1991_2016.csv,Se conserva como cifra reportada
perdida_neta_calculada_ha,Pérdida neta recalculada para control,numérico,ha acumuladas 2016-2020,procesada,02_resultados_y_diccionario/resultados_institucionales_municipios_guatemala_2016_2020.csv,perdida_bruta_ha menos recuperacion_bruta_ha
perdida_neta_ha,Pérdida neta institucional,numérico,ha acumuladas 2016-2020,procesada,02_resultados_y_diccionario/resultados_*_guatemala_2016_2020*.csv,Variable N igual a B-R con positivo como pérdida
perdida_neta_total_ha,Pérdida neta total publicada para un periodo histórico,numérico,ha,entrada y procesada,00_trazabilidad_fuentes/serie_historica_cobertura_forestal_guatemala_1991_2016.csv,No debe confundirse con la tasa anual reportada
periodo,Etiqueta del periodo histórico,texto,años,entrada y procesada,00_trazabilidad_fuentes/serie_historica_cobertura_forestal_guatemala_1991_2016.csv,Por ejemplo 1991-2001
porcentaje_fila,Participación de una transición dentro de su clasificación institucional de origen,numérico,porcentaje,procesada,02_resultados_y_diccionario/transiciones_clasificacion_ponderada_municipios_guatemala_2016_2020.csv,Cociente entre municipios de la celda y total de su fila multiplicado por cien
proporcion_estructural_max,Límite superior de la proporción local de trayectorias favorables,numérico adimensional,proporción,procesada,02_resultados_y_diccionario/intervalo_estructural_manglar_guatemala.csv; 02_resultados_y_diccionario/resultados_manglar_municipios_guatemala_2016_2020.csv; 02_resultados_y_diccionario/comparacion_recuperacion_ponderada_y_manglar_municipios_guatemala_2016_2020.csv,(favorables más mixtas) dividido entre 55 igual a 34/55
proporcion_estructural_min,Límite inferior de la proporción local de trayectorias favorables,numérico adimensional,proporción,procesada,02_resultados_y_diccionario/intervalo_estructural_manglar_guatemala.csv; 02_resultados_y_diccionario/resultados_manglar_municipios_guatemala_2016_2020.csv; 02_resultados_y_diccionario/comparacion_recuperacion_ponderada_y_manglar_municipios_guatemala_2016_2020.csv,favorables dividido entre 55 igual a 30/55
proporcion_recuperacion,Descripción de la proporción reconocida por el método,texto,proporción o parámetro,procesada,02_resultados_y_diccionario/resultados_forestales_guatemala_2016_2020.csv; 02_resultados_y_diccionario/valoracion_resultados_forestales_guatemala_2016_2020_precios_2026.csv,Valores 0 1 o rho20 dentro del dominio y 1 fuera
recuperacion_20_anios,Representación textual del intervalo de recuperación de biomasa a veinte años,texto,porcentaje,entrada y procesada,02_resultados_y_diccionario/catalogo_proporciones_recuperacion_biomasa_20_anios.csv; 02_resultados_y_diccionario/catalogo_proporciones_recuperacion_biomasa_20_anios.csv; 02_resultados_y_diccionario/resultados_recuperacion_ponderada_municipios_guatemala_2016_2020.csv,Campo de comunicación complementario a rho20_min rho20_central y rho20_max
recuperacion_bruta_anual_ha,Tasa media anual de ganancia de cobertura,numérico,ha por año,procesada,02_resultados_y_diccionario/resultados_institucionales_*guatemala_2016_2020.csv; 02_resultados_y_diccionario/completacion_conservadora_resumen_guatemala_2016_2020.csv,recuperacion_bruta_ha dividida entre cuatro
recuperacion_bruta_ha,Recuperación reportada o ganancia de cobertura,numérico,ha acumuladas 2016-2020,procesada,02_resultados_y_diccionario/resultados_*_guatemala_2016_2020*.csv,Variable R del marco analítico y nombre normalizado de ganancia_bruta_ha
recuperacion_implicita_total_ha,Recuperación histórica inferida como diferencia entre pérdida bruta y neta,numérico,ha,entrada y procesada,00_trazabilidad_fuentes/serie_historica_cobertura_forestal_guatemala_1991_2016.csv,No es una observación independiente cuando se deriva por diferencia
region_id,Identificador de región analítica asignada al municipio,texto,no aplica,entrada y procesada,00_trazabilidad_fuentes/trazabilidad_municipio_region_guatemala_2016_2020.csv; 02_resultados_y_diccionario/resultados_recuperacion_ponderada_municipios_guatemala_2016_2020.csv,Incluye regiones elegibles y excluidas
region_nombre,Nombre descriptivo de la región de referencia,texto,no aplica,entrada y procesada,00_trazabilidad_fuentes/trazabilidad_municipio_region_guatemala_2016_2020.csv; 02_resultados_y_diccionario/catalogo_proporciones_recuperacion_biomasa_20_anios.csv; 02_resultados_y_diccionario/resultados_recuperacion_ponderada_*_guatemala_2016_2020.csv,No es una división administrativa oficial
registros_parcela,Número de registros de parcela asociados al municipio,entero,registros,entrada,00_trazabilidad_fuentes/evidencia_parcelas_permanentes_manglar_guatemala.csv,Suma 75 en el archivo aunque el portal menciona 76 para el universo del servicio
regla,Nombre interno del resultado forestal,texto,categoría,procesada,02_resultados_y_diccionario/resultados_forestales_guatemala_2016_2020.csv; 02_resultados_y_diccionario/valoracion_resultados_forestales_guatemala_2016_2020_precios_2026.csv; 02_resultados_y_diccionario/sensibilidad_valor_presente_guatemala_precios_2026.csv; 02_resultados_y_diccionario/escenarios_forestales*_guatemala_2026_2035.csv; 02_resultados_y_diccionario/trayectorias_forestales_fisicas_guatemala_2026_2035.csv,Deforestación bruta saldo ponderado por recuperación o pérdida neta institucional
regla_id,Identificador estable de la regla territorial aplicada,texto,no aplica,trazabilidad,00_trazabilidad_fuentes/trazabilidad_municipio_region_guatemala_2016_2020.csv,Permite auditar listas explícitas regla residual y unidades no municipales
revision_ecologica,Estado de revisión ecológica de la correspondencia,texto,categoría,trazabilidad,00_trazabilidad_fuentes/trazabilidad_municipio_region_guatemala_2016_2020.csv,Pendiente para las correspondencias que requieren contraste espacial
resultado_inferior_anual_ha,Límite inferior anualizado del resultado físico,numérico,ha por año,procesada,02_resultados_y_diccionario/resultados_forestales_guatemala_2016_2020.csv; 02_resultados_y_diccionario/valoracion_resultados_forestales_guatemala_2016_2020_precios_2026.csv; 02_resultados_y_diccionario/escenarios_forestales_guatemala_2026_2035.csv; 02_resultados_y_diccionario/escenarios_forestales_valorados_guatemala_2026_2035.csv,Resultado inferior del periodo dividido entre cuatro
resultado_inferior_decada_ha,Límite inferior acumulado de diez años,numérico,ha,procesada,02_resultados_y_diccionario/escenarios_forestales_guatemala_2026_2035.csv; 02_resultados_y_diccionario/escenarios_forestales_valorados_guatemala_2026_2035.csv,Resultado inferior anual multiplicado por diez
resultado_inferior_ha,Límite inferior del resultado forestal,numérico,ha acumuladas 2016-2020,procesada,02_resultados_y_diccionario/resultados_forestales_guatemala_2016_2020.csv; 02_resultados_y_diccionario/valoracion_resultados_forestales_guatemala_2016_2020_precios_2026.csv,En un intervalo ponderado usa la proporción máxima
resultado_inferior_ha_periodo_base,Límite inferior del escenario sobre el periodo base,numérico,ha por periodo base,procesada,02_resultados_y_diccionario/escenarios_forestales_guatemala_2026_2035.csv; 02_resultados_y_diccionario/escenarios_forestales_valorados_guatemala_2026_2035.csv,mB por B menos rho máxima por mR por R
resultado_superior_anual_ha,Límite superior anualizado del resultado físico,numérico,ha por año,procesada,02_resultados_y_diccionario/resultados_forestales_guatemala_2016_2020.csv; 02_resultados_y_diccionario/valoracion_resultados_forestales_guatemala_2016_2020_precios_2026.csv; 02_resultados_y_diccionario/escenarios_forestales_guatemala_2026_2035.csv; 02_resultados_y_diccionario/escenarios_forestales_valorados_guatemala_2026_2035.csv,Resultado superior del periodo dividido entre cuatro
resultado_superior_decada_ha,Límite superior acumulado de diez años,numérico,ha,procesada,02_resultados_y_diccionario/escenarios_forestales_guatemala_2026_2035.csv; 02_resultados_y_diccionario/escenarios_forestales_valorados_guatemala_2026_2035.csv,Resultado superior anual multiplicado por diez
resultado_superior_ha,Límite superior del resultado forestal,numérico,ha acumuladas 2016-2020,procesada,02_resultados_y_diccionario/resultados_forestales_guatemala_2016_2020.csv; 02_resultados_y_diccionario/valoracion_resultados_forestales_guatemala_2016_2020_precios_2026.csv,En un intervalo ponderado usa la proporción mínima
resultado_superior_ha_periodo_base,Límite superior del escenario sobre el periodo base,numérico,ha por periodo base,procesada,02_resultados_y_diccionario/escenarios_forestales_guatemala_2026_2035.csv; 02_resultados_y_diccionario/escenarios_forestales_valorados_guatemala_2026_2035.csv,mB por B menos rho mínima por mR por R
rho20_central,Valor central de la proporción de recuperación de biomasa a veinte años,numérico adimensional,proporción,entrada y procesada,02_resultados_y_diccionario/catalogo_proporciones_recuperacion_biomasa_20_anios.csv; 02_resultados_y_diccionario/resultados_recuperacion_ponderada_municipios_guatemala_2016_2020.csv,Campo directo del catálogo analítico
rho20_max,Límite superior de la proporción de recuperación de biomasa a veinte años,numérico adimensional,proporción,procesada,02_resultados_y_diccionario/catalogo_proporciones_recuperacion_biomasa_20_anios.csv; 02_resultados_y_diccionario/resultados_recuperacion_ponderada_municipios_guatemala_2016_2020.csv; 02_resultados_y_diccionario/comparacion_recuperacion_ponderada_y_manglar_municipios_guatemala_2016_2020.csv,Produce el límite inferior de pérdida ponderada
rho20_min,Límite inferior de la proporción de recuperación de biomasa a veinte años,numérico adimensional,proporción,procesada,02_resultados_y_diccionario/catalogo_proporciones_recuperacion_biomasa_20_anios.csv; 02_resultados_y_diccionario/resultados_recuperacion_ponderada_municipios_guatemala_2016_2020.csv; 02_resultados_y_diccionario/comparacion_recuperacion_ponderada_y_manglar_municipios_guatemala_2016_2020.csv,Produce el límite superior de pérdida ponderada
rho_aplicada_max,Proporción máxima aplicada a la unidad en la completación nacional,numérico adimensional,proporción,procesada,02_resultados_y_diccionario/completacion_conservadora_unidades_guatemala_2016_2020.csv,rho20_max dentro del dominio y uno fuera
rho_aplicada_min,Proporción mínima aplicada a la unidad en la completación nacional,numérico adimensional,proporción,procesada,02_resultados_y_diccionario/completacion_conservadora_unidades_guatemala_2016_2020.csv,rho20_min dentro del dominio y uno fuera
rho_critica,Proporción de recuperación necesaria para que el saldo sea cero,numérico adimensional,proporción,procesada,02_resultados_y_diccionario/resultados_recuperacion_ponderada_municipios_guatemala_2016_2020.csv,perdida_bruta_ha dividida entre recuperacion_bruta_ha y ausente si R es cero
saldo_estructural_inferior_ha,Límite inferior de pérdida bajo la proporción estructural local,numérico,ha acumuladas 2016-2020,procesada,02_resultados_y_diccionario/resultados_manglar_municipios_guatemala_2016_2020.csv; 02_resultados_y_diccionario/comparacion_recuperacion_ponderada_y_manglar_municipios_guatemala_2016_2020.csv; 02_resultados_y_diccionario/resumen_manglar_guatemala_2016_2020.csv,B menos proporcion_estructural_max por R
saldo_estructural_superior_ha,Límite superior de pérdida bajo la proporción estructural local,numérico,ha acumuladas 2016-2020,procesada,02_resultados_y_diccionario/resultados_manglar_municipios_guatemala_2016_2020.csv; 02_resultados_y_diccionario/comparacion_recuperacion_ponderada_y_manglar_municipios_guatemala_2016_2020.csv; 02_resultados_y_diccionario/resumen_manglar_guatemala_2016_2020.csv,B menos proporcion_estructural_min por R
saldo_ponderado_central_ha,Saldo con la proporción central de recuperación,numérico,ha acumuladas 2016-2020,procesada,02_resultados_y_diccionario/resultados_recuperacion_ponderada_municipios_guatemala_2016_2020.csv,B menos rho20_central por R
saldo_ponderado_inferior_anual_ha,Límite inferior anualizado del saldo ponderado nacional,numérico,ha por año,procesada,02_resultados_y_diccionario/completacion_conservadora_resumen_guatemala_2016_2020.csv,saldo_ponderado_inferior_ha dividido entre cuatro
saldo_ponderado_inferior_ha,Límite inferior del saldo ponderado,numérico,ha acumuladas 2016-2020,procesada,02_resultados_y_diccionario/resultados_recuperacion_ponderada_*_guatemala_2016_2020.csv; 02_resultados_y_diccionario/completacion_conservadora_*_guatemala_2016_2020.csv; 02_resultados_y_diccionario/comparacion_recuperacion_ponderada_y_manglar_municipios_guatemala_2016_2020.csv,B menos la proporción máxima por R
saldo_ponderado_superior_anual_ha,Límite superior anualizado del saldo ponderado nacional,numérico,ha por año,procesada,02_resultados_y_diccionario/completacion_conservadora_resumen_guatemala_2016_2020.csv,saldo_ponderado_superior_ha dividido entre cuatro
saldo_ponderado_superior_ha,Límite superior del saldo ponderado,numérico,ha acumuladas 2016-2020,procesada,02_resultados_y_diccionario/resultados_recuperacion_ponderada_*_guatemala_2016_2020.csv; 02_resultados_y_diccionario/completacion_conservadora_*_guatemala_2016_2020.csv; 02_resultados_y_diccionario/comparacion_recuperacion_ponderada_y_manglar_municipios_guatemala_2016_2020.csv,B menos la proporción mínima por R
series_adultas,Número de series o mediciones clasificadas como adultas,entero,series,entrada,00_trazabilidad_fuentes/evidencia_parcelas_permanentes_manglar_guatemala.csv,Se conserva como atributo de procedencia y no entra directamente en 30/55-34/55
series_multitemporales,Número de series comparables con más de una medición,entero,series,entrada y procesada,00_trazabilidad_fuentes/evidencia_parcelas_permanentes_manglar_guatemala.csv; 02_resultados_y_diccionario/intervalo_estructural_manglar_guatemala.csv,Suma 55 y constituye el denominador del intervalo estructural
sha256,Huella criptográfica SHA-256 del archivo,texto,hexadecimal,metadatos,05_verificacion/manifiesto_resultados.csv,Permite verificar integridad byte por byte
sitios_referencia,Sitios publicados por Poorter et al. usados como referencia regional,texto,no aplica,entrada y procesada,02_resultados_y_diccionario/catalogo_proporciones_recuperacion_biomasa_20_anios.csv; 02_resultados_y_diccionario/resultados_recuperacion_ponderada_municipios_guatemala_2016_2020.csv,No implica que cada municipio tenga un sitio observado
suben_carbono_y_area_basal,Número de series con aumento conjunto de carbono y área basal,entero,series,entrada,00_trazabilidad_fuentes/evidencia_parcelas_permanentes_manglar_guatemala.csv,Suma 30 y define el numerador mínimo de la proporción estructural
tasa,Tasa de descuento evaluada en sensibilidad,numérico adimensional,proporción anual,procesada,02_resultados_y_diccionario/sensibilidad_valor_presente_guatemala_precios_2026.csv,Valores 0.02 0.04 y 0.05
tasa_descuento,Tasa de descuento central de la valoración,numérico adimensional,proporción anual,procesada,02_resultados_y_diccionario/valoracion_resultados_forestales_guatemala_2016_2020_precios_2026.csv,Valor central 0.04
tipo_decision,Clase de regla que produjo la asignación territorial,texto,categoría,trazabilidad,00_trazabilidad_fuentes/trazabilidad_municipio_region_guatemala_2016_2020.csv,Lista explícita regla residual o unidad no municipal
tipo_unidad,Clase de unidad territorial,texto,categoría,entrada y procesada,00_trazabilidad_fuentes/base_forestal_municipios_guatemala_2016_2020.csv; 00_trazabilidad_fuentes/trazabilidad_municipio_region_guatemala_2016_2020.csv,Municipio o unidad lacustre no municipal
trayectoria_mixta,Número de series con señales mixtas entre carbono y área basal,entero,series,entrada,00_trazabilidad_fuentes/evidencia_parcelas_permanentes_manglar_guatemala.csv,Suma cuatro y se incluye solo en el numerador máximo
trayectorias_desfavorables,Número agregado de series con disminución conjunta,entero,series,procesada,02_resultados_y_diccionario/intervalo_estructural_manglar_guatemala.csv,Suma 21
trayectorias_favorables,Número agregado de series con aumento conjunto,entero,series,procesada,02_resultados_y_diccionario/intervalo_estructural_manglar_guatemala.csv,Suma 30
trayectorias_mixtas,Número agregado de series con trayectoria mixta,entero,series,procesada,02_resultados_y_diccionario/intervalo_estructural_manglar_guatemala.csv,Suma cuatro
unidad,Unidad del parámetro de valoración,texto,no aplica,entrada,01_metodologia/parametros/parametros_valoracion_servicios_ecosistemicos_guatemala_2019_2026.csv,Se conserva exactamente para evitar mezclar flujos stocks y porcentajes
unidades,Número de unidades territoriales incluidas en el agregado,entero,unidades,procesada,02_resultados_y_diccionario/resultados_institucionales_departamentos_guatemala_2016_2020.csv; 02_resultados_y_diccionario/completacion_conservadora_resumen_guatemala_2016_2020.csv,Puede incluir unidades lacustres cuando el ámbito es nacional o departamental
uso_analitico,Condición de uso de un costo contextual,texto,categoría,entrada y procesada,00_trazabilidad_fuentes/costos_contextuales_no_aditivos_guatemala_2026.csv,Valor esperado Contexto no aditivo
valor,Valor numérico del parámetro de valoración,numérico,según unidad,entrada,01_metodologia/parametros/parametros_valoracion_servicios_ecosistemicos_guatemala_2019_2026.csv,Interpretar junto con parametro unidad anio_base fuente y nota
valor_unitario_gtq_ha_anio,Valor medio transferido por hectárea y año a precios de 2026,numérico,GTQ por ha por año,procesada,02_resultados_y_diccionario/valoracion_resultados_forestales_guatemala_2016_2020_precios_2026.csv,22553 por factor 1.32960218275 igual a 29986.5180275607
version_metodo,Versión de las reglas de correspondencia territorial,texto,versión,trazabilidad,00_trazabilidad_fuentes/trazabilidad_municipio_region_guatemala_2016_2020.csv; 00_trazabilidad_fuentes/trazabilidad_region_sitio_recuperacion_biomasa_20_anios.csv,Valor 1.0.0 en esta publicación
vp_cohorte_inferior_gtq,Valor presente del flujo de servicios asociado al límite inferior de una cohorte anual,numérico,GTQ,procesada,02_resultados_y_diccionario/valoracion_resultados_forestales_guatemala_2016_2020_precios_2026.csv; 02_resultados_y_diccionario/sensibilidad_valor_presente_guatemala_precios_2026.csv,Flujo anual inferior por factor de anualidad de 25 años
vp_cohorte_superior_gtq,Valor presente del flujo de servicios asociado al límite superior de una cohorte anual,numérico,GTQ,procesada,02_resultados_y_diccionario/valoracion_resultados_forestales_guatemala_2016_2020_precios_2026.csv; 02_resultados_y_diccionario/sensibilidad_valor_presente_guatemala_precios_2026.csv,Flujo anual superior por factor de anualidad de 25 años
vp_decada_inferior_gtq,Valor presente de diez cohortes del límite inferior del escenario,numérico,GTQ,procesada,02_resultados_y_diccionario/escenarios_forestales_valorados_guatemala_2026_2035.csv,Suma descontada de diez cohortes anuales no negativas
vp_decada_superior_gtq,Valor presente de diez cohortes del límite superior del escenario,numérico,GTQ,procesada,02_resultados_y_diccionario/escenarios_forestales_valorados_guatemala_2026_2035.csv,Suma descontada de diez cohortes anuales no negativas
vp_diez_cohortes_inferior_gtq,Valor presente de diez cohortes constantes bajo el límite inferior del resultado,numérico,GTQ,procesada,02_resultados_y_diccionario/valoracion_resultados_forestales_guatemala_2016_2020_precios_2026.csv,Cada cohorte se descuenta al inicio del horizonte
vp_diez_cohortes_superior_gtq,Valor presente de diez cohortes constantes bajo el límite superior del resultado,numérico,GTQ,procesada,02_resultados_y_diccionario/valoracion_resultados_forestales_guatemala_2016_2020_precios_2026.csv,Cada cohorte se descuenta al inicio del horizonte
age_range_years,Rango de edades observado para el sitio de referencia,texto,años,fuente,00_trazabilidad_fuentes/sitios_referencia_recuperacion_biomasa_20_anios.csv,Se conserva según la tabla publicada
agb20_mg_ha,Biomasa aérea estimada a veinte años publicada para el sitio,numérico,Mg por ha,fuente,00_trazabilidad_fuentes/sitios_referencia_recuperacion_biomasa_20_anios.csv,Valor de referencia previo a convertirlo en porcentaje relativo
agb20_reproducida_mg_ha,Biomasa aérea a veinte años reproducida mediante el ajuste logarítmico,numérico,Mg por ha,verificación,05_verificacion/reproduccion_por_sitio_recuperacion_biomasa_20_anios.csv,Se calcula antes de redondear el porcentaje relativo
agb_bosque_maduro_mediana_mg_ha,Mediana de biomasa aérea del bosque maduro usada como denominador,numérico,Mg por ha,verificación,05_verificacion/reproduccion_por_sitio_recuperacion_biomasa_20_anios.csv,Excluye observaciones de biomasa superiores a 500 Mg por ha
country,País del sitio de referencia,texto,no aplica,fuente y trazabilidad,00_trazabilidad_fuentes/sitios_referencia_recuperacion_biomasa_20_anios.csv; 00_trazabilidad_fuentes/trazabilidad_region_sitio_recuperacion_biomasa_20_anios.csv,Se conserva con la denominación de la fuente
cumple_redondeo_una_decimal,Indica si el porcentaje reproducido coincide con el publicado a una decimal,booleano,verdadero o falso,verificación,05_verificacion/reproduccion_por_sitio_recuperacion_biomasa_20_anios.csv,Debe ser verdadero para los trece sitios verificables desde Dryad
diferencia_puntos_porcentuales,Diferencia entre porcentaje reproducido y publicado,numérico,puntos porcentuales,verificación,05_verificacion/reproduccion_por_sitio_recuperacion_biomasa_20_anios.csv,Se usa para auditar la coincidencia antes del control de redondeo
fuente_verificacion,Fuente usada para verificar el valor del sitio,texto,no aplica,trazabilidad,00_trazabilidad_fuentes/trazabilidad_region_sitio_recuperacion_biomasa_20_anios.csv,Distingue el CSV público de Dryad y la tabla ampliada
observaciones_bosque_maduro,Número de observaciones válidas de bosque maduro usadas en la mediana,entero,observaciones,verificación,05_verificacion/reproduccion_por_sitio_recuperacion_biomasa_20_anios.csv,Excluye biomasa superior a 500 Mg por ha
observaciones_bosque_secundario,Número de observaciones válidas de bosque secundario usadas en el ajuste,entero,observaciones,verificación,05_verificacion/reproduccion_por_sitio_recuperacion_biomasa_20_anios.csv,Excluye edades iguales a cero y biomasa superior a 500 Mg por ha
porcentaje_publicado,Recuperación relativa de biomasa a veinte años publicada para el sitio,numérico,porcentaje,verificación,05_verificacion/reproduccion_por_sitio_recuperacion_biomasa_20_anios.csv,Valor contra el cual se verifica el cálculo
porcentaje_reproducido,Recuperación relativa obtenida con la predicción y la mediana sin redondeo intermedio,numérico,porcentaje,verificación,05_verificacion/reproduccion_por_sitio_recuperacion_biomasa_20_anios.csv,Se calcula como cien por AGB20 sobre la mediana de bosque maduro
porcentaje_reproducido_redondeado,Porcentaje reproducido redondeado a una decimal,numérico,porcentaje,verificación,05_verificacion/reproduccion_por_sitio_recuperacion_biomasa_20_anios.csv,Debe coincidir con porcentaje_publicado para los trece sitios verificables
rainfall_mm,Precipitación anual del sitio de referencia,numérico,mm por año,fuente y trazabilidad,00_trazabilidad_fuentes/sitios_referencia_recuperacion_biomasa_20_anios.csv; 00_trazabilidad_fuentes/trazabilidad_region_sitio_recuperacion_biomasa_20_anios.csv,Se usa como contexto y no como regla municipal automática
redondeo,Regla de redondeo aplicada al intervalo regional,texto,no aplica,trazabilidad,00_trazabilidad_fuentes/trazabilidad_region_sitio_recuperacion_biomasa_20_anios.csv,REG-SEC-MOT usa redondeo exterior en incrementos de 0.05
reference_number,Número de referencia bibliográfica asociado al sitio,texto anulable,no aplica,fuente,00_trazabilidad_fuentes/sitios_referencia_recuperacion_biomasa_20_anios.csv,Puede faltar cuando la tabla fuente no lo informa
regla_intervalo,Operación usada para formar el intervalo regional,texto,no aplica,trazabilidad,00_trazabilidad_fuentes/trazabilidad_region_sitio_recuperacion_biomasa_20_anios.csv,Mínimo y máximo o valor único según la región
relative_recovery_pct_20y,Recuperación relativa de biomasa aérea a veinte años publicada para el sitio,numérico anulable,porcentaje,fuente y trazabilidad,00_trazabilidad_fuentes/sitios_referencia_recuperacion_biomasa_20_anios.csv; 00_trazabilidad_fuentes/trazabilidad_region_sitio_recuperacion_biomasa_20_anios.csv,Puede faltar en sitios usados solo como contexto
site_id,Identificador estable del sitio de referencia,texto,no aplica,fuente trazabilidad y verificación,00_trazabilidad_fuentes/sitios_referencia_recuperacion_biomasa_20_anios.csv; 00_trazabilidad_fuentes/trazabilidad_region_sitio_recuperacion_biomasa_20_anios.csv; 05_verificacion/reproduccion_por_sitio_recuperacion_biomasa_20_anios.csv,Evita usar coincidencias difusas por nombre
site_name,Nombre publicado del sitio de referencia,texto,no aplica,fuente trazabilidad y verificación,00_trazabilidad_fuentes/sitios_referencia_recuperacion_biomasa_20_anios.csv; 00_trazabilidad_fuentes/trazabilidad_region_sitio_recuperacion_biomasa_20_anios.csv; 05_verificacion/reproduccion_por_sitio_recuperacion_biomasa_20_anios.csv,Se muestra como etiqueta y no como llave primaria
source_locator,Localización del valor dentro de la fuente publicada,texto,no aplica,fuente y trazabilidad,00_trazabilidad_fuentes/sitios_referencia_recuperacion_biomasa_20_anios.csv; 00_trazabilidad_fuentes/trazabilidad_region_sitio_recuperacion_biomasa_20_anios.csv,Permite auditar tabla fila o material suplementario
uso_sitio,Función del sitio dentro de la región analítica,texto,categoría,trazabilidad,00_trazabilidad_fuentes/trazabilidad_region_sitio_recuperacion_biomasa_20_anios.csv,Distingue uso numérico y contextual
