cod_dep,depto,codigo,municipio,perdida_bruta_ha,recuperacion_bruta_ha,perdida_neta_ha,tipo_unidad,grupo_territorial_id,proporcion_grupo_id,grupo_territorial_nombre,sitios_referencia,intervalo_proporcion_regeneracion_equivalente,proporcion_regeneracion_equivalente_min,proporcion_regeneracion_equivalente_central,proporcion_regeneracion_equivalente_max,tratamiento_intervalo,fundamento_vinculacion_sitios,saldo_ponderado_inferior_ha,saldo_ponderado_superior_ha,saldo_ponderado_central_ha,clasificacion_perdida_neta_reportada,clasificacion_ponderada,brecha_ponderacion_inferior_ha,brecha_ponderacion_superior_ha,proporcion_regeneracion_equivalente_critica
1,Guatemala,104,San José del Golfo,0.6000495300,0.0000000000,0.6000495300,Municipio,REG-SEC-MOT,REG-SEC-MOT,"Valles secos interiores, Motagua y Salamá–Chixoy","Sitios secos de Bolivia, Brasil y México",25-65%,0.2500000000,0.4500000000,0.6500000000,Intervalo de sitios secos con redondeo exterior a incrementos de 0.05,Mayor déficit hídrico y recuperación generalmente más lenta.,0.6000495300,0.6000495300,0.6000495300,Pérdida,Pérdida,0.0000000000,0.0000000000,
1,Guatemala,105,Palencia,68.6369139400,5.7113492700,62.9255646700,Municipio,REG-SEC-MOT,REG-SEC-MOT,"Valles secos interiores, Motagua y Salamá–Chixoy","Sitios secos de Bolivia, Brasil y México",25-65%,0.2500000000,0.4500000000,0.6500000000,Intervalo de sitios secos con redondeo exterior a incrementos de 0.05,Mayor déficit hídrico y recuperación generalmente más lenta.,64.9245369145,67.2090766225,66.0668067685,Pérdida,Pérdida,1.9989722445,4.2835119525,12.0176355350
1,Guatemala,107,San Pedro Ayampuc,70.9001975900,1.8687868600,69.0314107300,Municipio,REG-SEC-MOT,REG-SEC-MOT,"Valles secos interiores, Motagua y Salamá–Chixoy","Sitios secos de Bolivia, Brasil y México",25-65%,0.2500000000,0.4500000000,0.6500000000,Intervalo de sitios secos con redondeo exterior a incrementos de 0.05,Mayor déficit hídrico y recuperación generalmente más lenta.,69.6854861310,70.4330008750,70.0592435030,Pérdida,Pérdida,0.6540754010,1.4015901450,37.9391567372
1,Guatemala,112,Chuarrancho,81.2645965300,4.8814717800,76.3831247500,Municipio,REG-SEC-MOT,REG-SEC-MOT,"Valles secos interiores, Motagua y Salamá–Chixoy","Sitios secos de Bolivia, Brasil y México",25-65%,0.2500000000,0.4500000000,0.6500000000,Intervalo de sitios secos con redondeo exterior a incrementos de 0.05,Mayor déficit hídrico y recuperación generalmente más lenta.,78.0916398730,80.0442285850,79.0679342290,Pérdida,Pérdida,1.7085151230,3.6611038350,16.6475604474
2,El Progreso,201,Guastatoya,3.7866480300,0.0864734500,3.7001745800,Municipio,REG-SEC-MOT,REG-SEC-MOT,"Valles secos interiores, Motagua y Salamá–Chixoy","Sitios secos de Bolivia, Brasil y México",25-65%,0.2500000000,0.4500000000,0.6500000000,Intervalo de sitios secos con redondeo exterior a incrementos de 0.05,Mayor déficit hídrico y recuperación generalmente más lenta.,3.7304402875,3.7650296675,3.7477349775,Pérdida,Pérdida,0.0302657075,0.0648550875,43.7897184627
2,El Progreso,202,Morazán,668.3268944900,346.6459601600,321.6809343300,Municipio,REG-SEC-MOT,REG-SEC-MOT,"Valles secos interiores, Motagua y Salamá–Chixoy","Sitios secos de Bolivia, Brasil y México",25-65%,0.2500000000,0.4500000000,0.6500000000,Intervalo de sitios secos con redondeo exterior a incrementos de 0.05,Mayor déficit hídrico y recuperación generalmente más lenta.,443.0070203860,581.6654044500,512.3362124180,Pérdida,Pérdida,121.3260860560,259.9844701200,1.9279812007
2,El Progreso,203,San Agustín Acasaguastlán,662.6431101700,50.0359178700,612.6071923000,Municipio,REG-SEC-MOT,REG-SEC-MOT,"Valles secos interiores, Motagua y Salamá–Chixoy","Sitios secos de Bolivia, Brasil y México",25-65%,0.2500000000,0.4500000000,0.6500000000,Intervalo de sitios secos con redondeo exterior a incrementos de 0.05,Mayor déficit hídrico y recuperación generalmente más lenta.,630.1197635545,650.1341307025,640.1269471285,Pérdida,Pérdida,17.5125712545,37.5269384025,13.2433487458
2,El Progreso,204,San Cristóbal Acasaguastlán,141.0286413500,28.7722318600,112.2564094900,Municipio,REG-SEC-MOT,REG-SEC-MOT,"Valles secos interiores, Motagua y Salamá–Chixoy","Sitios secos de Bolivia, Brasil y México",25-65%,0.2500000000,0.4500000000,0.6500000000,Intervalo de sitios secos con redondeo exterior a incrementos de 0.05,Mayor déficit hídrico y recuperación generalmente más lenta.,122.3266906410,133.8355833850,128.0811370130,Pérdida,Pérdida,10.0702811510,21.5791738950,4.9015537632
2,El Progreso,205,El Jícaro,1.7213349300,0.1728842100,1.5484507200,Municipio,REG-SEC-MOT,REG-SEC-MOT,"Valles secos interiores, Motagua y Salamá–Chixoy","Sitios secos de Bolivia, Brasil y México",25-65%,0.2500000000,0.4500000000,0.6500000000,Intervalo de sitios secos con redondeo exterior a incrementos de 0.05,Mayor déficit hídrico y recuperación generalmente más lenta.,1.6089601935,1.6781138775,1.6435370355,Pérdida,Pérdida,0.0605094735,0.1296631575,9.9565768904
2,El Progreso,206,Sansare,2.3711103300,0.0865115900,2.2845987400,Municipio,REG-SEC-MOT,REG-SEC-MOT,"Valles secos interiores, Motagua y Salamá–Chixoy","Sitios secos de Bolivia, Brasil y México",25-65%,0.2500000000,0.4500000000,0.6500000000,Intervalo de sitios secos con redondeo exterior a incrementos de 0.05,Mayor déficit hídrico y recuperación generalmente más lenta.,2.3148777965,2.3494824325,2.3321801145,Pérdida,Pérdida,0.0302790565,0.0648836925,27.4080077594
2,El Progreso,207,Sanarate,52.5097719300,1.8023243800,50.7074475500,Municipio,REG-SEC-MOT,REG-SEC-MOT,"Valles secos interiores, Motagua y Salamá–Chixoy","Sitios secos de Bolivia, Brasil y México",25-65%,0.2500000000,0.4500000000,0.6500000000,Intervalo de sitios secos con redondeo exterior a incrementos de 0.05,Mayor déficit hídrico y recuperación generalmente más lenta.,51.3382610830,52.0591908350,51.6987259590,Pérdida,Pérdida,0.6308135330,1.3517432850,29.1344735236
2,El Progreso,208,San Antonio La Paz,5.1037416700,1.7436921100,3.3600495600,Municipio,REG-SEC-MOT,REG-SEC-MOT,"Valles secos interiores, Motagua y Salamá–Chixoy","Sitios secos de Bolivia, Brasil y México",25-65%,0.2500000000,0.4500000000,0.6500000000,Intervalo de sitios secos con redondeo exterior a incrementos de 0.05,Mayor déficit hídrico y recuperación generalmente más lenta.,3.9703417985,4.6678186425,4.3190802205,Pérdida,Pérdida,0.6102922385,1.3077690825,2.9269741147
4,Chimaltenango,408,Pochuta,54.8250238000,142.8851521300,-88.0601283300,Municipio,REG-TB-HUM,REG-TB-HUM,Tierras bajas húmedas del Caribe y del Pacífico,"Barro Colorado, Panamá, y Sarapiquí, Costa Rica",59.3-76.6%,0.5930000000,0.6795000000,0.7660000000,Intervalo directo de valores publicados por sitio,Bosques tropicales húmedos de baja altitud y alta disponibilidad de agua.,-54.6250027316,-29.9058714131,-42.2654370723,Ganancia,Ganancia,33.4351255984,58.1542569169,0.3836999365
4,Chimaltenango,412,Yepocapa,145.7370868400,854.3540643200,-708.6169774800,Municipio,REG-TB-HUM,REG-TB-HUM,Tierras bajas húmedas del Caribe y del Pacífico,"Barro Colorado, Panamá, y Sarapiquí, Costa Rica",59.3-76.6%,0.5930000000,0.6795000000,0.7660000000,Intervalo directo de valores publicados por sitio,Bosques tropicales húmedos de baja altitud y alta disponibilidad de agua.,-508.6981264291,-360.8948733018,-434.7964998654,Ganancia,Ganancia,199.9188510509,347.7221041782,0.1705816042
5,Escuintla,501,Escuintla,2408.1741619400,7.3018602500,2400.8723016900,Municipio,REG-TB-HUM,REG-TB-HUM,Tierras bajas húmedas del Caribe y del Pacífico,"Barro Colorado, Panamá, y Sarapiquí, Costa Rica",59.3-76.6%,0.5930000000,0.6795000000,0.7660000000,Intervalo directo de valores publicados por sitio,Bosques tropicales húmedos de baja altitud y alta disponibilidad de agua.,2402.5809369885,2403.8441588117,2403.2125479001,Pérdida,Pérdida,1.7086352985,2.9718571217,329.8028282505
5,Escuintla,502,Santa Lucia Cotzulmalguapa,580.9621108100,307.5081228100,273.4539880000,Municipio,REG-TB-HUM,REG-TB-HUM,Tierras bajas húmedas del Caribe y del Pacífico,"Barro Colorado, Panamá, y Sarapiquí, Costa Rica",59.3-76.6%,0.5930000000,0.6795000000,0.7660000000,Intervalo directo de valores publicados por sitio,Bosques tropicales húmedos de baja altitud y alta disponibilidad de agua.,345.4108887375,398.6097939837,372.0103413606,Pérdida,Pérdida,71.9569007375,125.1558059837,1.8892577715
5,Escuintla,503,La Democracia,75.8541547600,13.7726750400,62.0814797200,Municipio,REG-TB-HUM,REG-TB-HUM,Tierras bajas húmedas del Caribe y del Pacífico,"Barro Colorado, Panamá, y Sarapiquí, Costa Rica",59.3-76.6%,0.5930000000,0.6795000000,0.7660000000,Intervalo directo de valores publicados por sitio,Bosques tropicales húmedos de baja altitud y alta disponibilidad de agua.,65.3042856794,67.6869584613,66.4956220703,Pérdida,Pérdida,3.2228059594,5.6054787413,5.5075832792
5,Escuintla,504,Siquinalá,629.5501142700,146.2670912000,483.2830230700,Municipio,REG-TB-HUM,REG-TB-HUM,Tierras bajas húmedas del Caribe y del Pacífico,"Barro Colorado, Panamá, y Sarapiquí, Costa Rica",59.3-76.6%,0.5930000000,0.6795000000,0.7660000000,Intervalo directo de valores publicados por sitio,Bosques tropicales húmedos de baja altitud y alta disponibilidad de agua.,517.5095224108,542.8137291884,530.1616257996,Pérdida,Pérdida,34.2264993408,59.5307061184,4.3041131748
5,Escuintla,505,Masagua,108.7756767800,276.1844012300,-167.4087244500,Municipio,REG-TB-HUM,REG-TB-HUM,Tierras bajas húmedas del Caribe y del Pacífico,"Barro Colorado, Panamá, y Sarapiquí, Costa Rica",59.3-76.6%,0.5930000000,0.6795000000,0.7660000000,Intervalo directo de valores publicados por sitio,Bosques tropicales húmedos de baja altitud y alta disponibilidad de agua.,-102.7815745622,-55.0016731494,-78.8916238558,Ganancia,Ganancia,64.6271498878,112.4070513006,0.3938516306
5,Escuintla,506,Tiquisate,209.3021312000,226.8086237800,-17.5064925800,Municipio,REG-TB-HUM,REG-TB-HUM,Tierras bajas húmedas del Caribe y del Pacífico,"Barro Colorado, Panamá, y Sarapiquí, Costa Rica",59.3-76.6%,0.5930000000,0.6795000000,0.7660000000,Intervalo directo de valores publicados por sitio,Bosques tropicales húmedos de baja altitud y alta disponibilidad de agua.,35.5667253845,74.8046172985,55.1856713415,Ganancia,Pérdida,53.0732179645,92.3111098785,0.9228138142
5,Escuintla,507,La Gomera,55.1958635200,79.9825030200,-24.7866395000,Municipio,REG-TB-HUM,REG-TB-HUM,Tierras bajas húmedas del Caribe y del Pacífico,"Barro Colorado, Panamá, y Sarapiquí, Costa Rica",59.3-76.6%,0.5930000000,0.6795000000,0.7660000000,Intervalo directo de valores publicados por sitio,Bosques tropicales húmedos de baja altitud y alta disponibilidad de agua.,-6.0707337933,7.7662392291,0.8477527179,Ganancia,Indeterminado,18.7159057067,32.5528787291,0.6900992272
5,Escuintla,508,Guanagazapa,117.4261655800,122.9175068500,-5.4913412700,Municipio,REG-TB-HUM,REG-TB-HUM,Tierras bajas húmedas del Caribe y del Pacífico,"Barro Colorado, Panamá, y Sarapiquí, Costa Rica",59.3-76.6%,0.5930000000,0.6795000000,0.7660000000,Intervalo directo de valores publicados por sitio,Bosques tropicales húmedos de baja altitud y alta disponibilidad de agua.,23.2713553329,44.5360840180,33.9037196754,Ganancia,Pérdida,28.7626966029,50.0274252879,0.9553249866
5,Escuintla,509,San José,256.1328370800,421.1146116300,-164.9817745500,Municipio,REG-TB-HUM,REG-TB-HUM,Tierras bajas húmedas del Caribe y del Pacífico,"Barro Colorado, Panamá, y Sarapiquí, Costa Rica",59.3-76.6%,0.5930000000,0.6795000000,0.7660000000,Intervalo directo de valores publicados por sitio,Bosques tropicales húmedos de baja altitud y alta disponibilidad de agua.,-66.4409554286,6.4118723834,-30.0145415226,Ganancia,Indeterminado,98.5408191214,171.3936469334,0.6082259556
5,Escuintla,510,Iztapa,122.5761984000,122.0908356900,0.4853627100,Municipio,REG-TB-HUM,REG-TB-HUM,Tierras bajas húmedas del Caribe y del Pacífico,"Barro Colorado, Panamá, y Sarapiquí, Costa Rica",59.3-76.6%,0.5930000000,0.6795000000,0.7660000000,Intervalo directo de valores publicados por sitio,Bosques tropicales húmedos de baja altitud y alta disponibilidad de agua.,29.0546182615,50.1763328358,39.6154755486,Pérdida,Pérdida,28.5692555515,49.6909701258,1.0039754229
5,Escuintla,513,Nueva Concepción,197.3482140100,133.0454813300,64.3027326800,Municipio,REG-TB-HUM,REG-TB-HUM,Tierras bajas húmedas del Caribe y del Pacífico,"Barro Colorado, Panamá, y Sarapiquí, Costa Rica",59.3-76.6%,0.5930000000,0.6795000000,0.7660000000,Intervalo directo de valores publicados por sitio,Bosques tropicales húmedos de baja altitud y alta disponibilidad de agua.,95.4353753112,118.4522435813,106.9438094463,Pérdida,Pérdida,31.1326426312,54.1495109013,1.4833139167
5,Escuintla,514,Sipacate,747.0403161900,133.5192672300,613.5210489600,Municipio,REG-TB-HUM,REG-TB-HUM,Tierras bajas húmedas del Caribe y del Pacífico,"Barro Colorado, Panamá, y Sarapiquí, Costa Rica",59.3-76.6%,0.5930000000,0.6795000000,0.7660000000,Intervalo directo de valores publicados por sitio,Bosques tropicales húmedos de baja altitud y alta disponibilidad de agua.,644.7645574918,667.8633907226,656.3139741072,Pérdida,Pérdida,31.2435085318,54.3423417626,5.5950001201
6,Santa Rosa,607,San Juan Tecuaco,53.0078365600,0.3470280200,52.6608085400,Municipio,REG-TB-HUM,REG-TB-HUM,Tierras bajas húmedas del Caribe y del Pacífico,"Barro Colorado, Panamá, y Sarapiquí, Costa Rica",59.3-76.6%,0.5930000000,0.6795000000,0.7660000000,Intervalo directo de valores publicados por sitio,Bosques tropicales húmedos de baja altitud y alta disponibilidad de agua.,52.7420130967,52.8020489441,52.7720310204,Pérdida,Pérdida,0.0812045567,0.1412404041,152.7480016167
6,Santa Rosa,608,Chiquimulilla,612.4753194900,764.3082825200,-151.8329630300,Municipio,REG-TB-HUM,REG-TB-HUM,Tierras bajas húmedas del Caribe y del Pacífico,"Barro Colorado, Panamá, y Sarapiquí, Costa Rica",59.3-76.6%,0.5930000000,0.6795000000,0.7660000000,Intervalo directo de valores publicados por sitio,Bosques tropicales húmedos de baja altitud y alta disponibilidad de agua.,27.0151750797,159.2405079556,93.1278415177,Ganancia,Pérdida,178.8481381097,311.0734709856,0.8013459143
6,Santa Rosa,609,Taxisco,336.3816820800,740.2429562100,-403.8612741300,Municipio,REG-TB-HUM,REG-TB-HUM,Tierras bajas húmedas del Caribe y del Pacífico,"Barro Colorado, Panamá, y Sarapiquí, Costa Rica",59.3-76.6%,0.5930000000,0.6795000000,0.7660000000,Intervalo directo de valores publicados por sitio,Bosques tropicales húmedos de baja altitud y alta disponibilidad de agua.,-230.6444223769,-102.5823909525,-166.6134066647,Ganancia,Ganancia,173.2168517531,301.2788831775,0.4544206456
6,Santa Rosa,610,Santa María Ixhuatán,69.0022304400,28.6197255200,40.3825049200,Municipio,REG-TB-HUM,REG-TB-HUM,Tierras bajas húmedas del Caribe y del Pacífico,"Barro Colorado, Panamá, y Sarapiquí, Costa Rica",59.3-76.6%,0.5930000000,0.6795000000,0.7660000000,Intervalo directo de valores publicados por sitio,Bosques tropicales húmedos de baja altitud y alta disponibilidad de agua.,47.0795206917,52.0307332066,49.5551269492,Pérdida,Pérdida,6.6970157717,11.6482282866,2.4110025231
6,Santa Rosa,611,Guazacapán,49.2144204400,119.3865999100,-70.1721794700,Municipio,REG-TB-HUM,REG-TB-HUM,Tierras bajas húmedas del Caribe y del Pacífico,"Barro Colorado, Panamá, y Sarapiquí, Costa Rica",59.3-76.6%,0.5930000000,0.6795000000,0.7660000000,Intervalo directo de valores publicados por sitio,Bosques tropicales húmedos de baja altitud y alta disponibilidad de agua.,-42.2357150911,-21.5818333066,-31.9087741988,Ganancia,Ganancia,27.9364643789,48.5903461634,0.4122273394
9,Quetzaltenango,917,Colomba,566.1943068900,135.1071750800,431.0871318100,Municipio,REG-TB-HUM,REG-TB-HUM,Tierras bajas húmedas del Caribe y del Pacífico,"Barro Colorado, Panamá, y Sarapiquí, Costa Rica",59.3-76.6%,0.5930000000,0.6795000000,0.7660000000,Intervalo directo de valores publicados por sitio,Bosques tropicales húmedos de baja altitud y alta disponibilidad de agua.,462.7022107787,486.0757520676,474.3889814231,Pérdida,Pérdida,31.6150789687,54.9886202576,4.1907049463
9,Quetzaltenango,919,El Palmar,231.4591209900,2.3372815000,229.1218394900,Municipio,REG-TB-HUM,REG-TB-HUM,Tierras bajas húmedas del Caribe y del Pacífico,"Barro Colorado, Panamá, y Sarapiquí, Costa Rica",59.3-76.6%,0.5930000000,0.6795000000,0.7660000000,Intervalo directo de valores publicados por sitio,Bosques tropicales húmedos de baja altitud y alta disponibilidad de agua.,229.6687633610,230.0731130605,229.8709382108,Pérdida,Pérdida,0.5469238710,0.9512735705,99.0292016559
9,Quetzaltenango,920,Coatepeque,484.5075540500,1439.3773404400,-954.8697863900,Municipio,REG-TB-HUM,REG-TB-HUM,Tierras bajas húmedas del Caribe y del Pacífico,"Barro Colorado, Panamá, y Sarapiquí, Costa Rica",59.3-76.6%,0.5930000000,0.6795000000,0.7660000000,Intervalo directo de valores publicados por sitio,Bosques tropicales húmedos de baja altitud y alta disponibilidad de agua.,-618.0554887270,-369.0432088309,-493.5493487790,Ganancia,Ganancia,336.8142976630,585.8265775591,0.3366091298
9,Quetzaltenango,921,Génova,274.7004740800,505.4491579900,-230.7486839100,Municipio,REG-TB-HUM,REG-TB-HUM,Tierras bajas húmedas del Caribe y del Pacífico,"Barro Colorado, Panamá, y Sarapiquí, Costa Rica",59.3-76.6%,0.5930000000,0.6795000000,0.7660000000,Intervalo directo de valores publicados por sitio,Bosques tropicales húmedos de baja altitud y alta disponibilidad de agua.,-112.4735809403,-25.0308766081,-68.7522287742,Ganancia,Ganancia,118.2751029697,205.7178073019,0.5434779537
9,Quetzaltenango,922,Flores Costa Cuca,153.1426829900,150.2949785500,2.8477044400,Municipio,REG-TB-HUM,REG-TB-HUM,Tierras bajas húmedas del Caribe y del Pacífico,"Barro Colorado, Panamá, y Sarapiquí, Costa Rica",59.3-76.6%,0.5930000000,0.6795000000,0.7660000000,Intervalo directo de valores publicados por sitio,Bosques tropicales húmedos de baja altitud y alta disponibilidad de agua.,38.0167294207,64.0177607099,51.0172450653,Pérdida,Pérdida,35.1690249807,61.1700562699,1.0189474357
10,Suchitepéquez,1001,Mazatenango,241.2400374000,194.2572303500,46.9828070500,Municipio,REG-TB-HUM,REG-TB-HUM,Tierras bajas húmedas del Caribe y del Pacífico,"Barro Colorado, Panamá, y Sarapiquí, Costa Rica",59.3-76.6%,0.5930000000,0.6795000000,0.7660000000,Intervalo directo de valores publicados por sitio,Bosques tropicales húmedos de baja altitud y alta disponibilidad de agua.,92.4389989519,126.0454998025,109.2422493772,Pérdida,Pérdida,45.4561919019,79.0626927525,1.2418587301
10,Suchitepéquez,1002,Cuyotenango,188.7783153900,412.8861227300,-224.1078073400,Municipio,REG-TB-HUM,REG-TB-HUM,Tierras bajas húmedas del Caribe y del Pacífico,"Barro Colorado, Panamá, y Sarapiquí, Costa Rica",59.3-76.6%,0.5930000000,0.6795000000,0.7660000000,Intervalo directo de valores publicados por sitio,Bosques tropicales húmedos de baja altitud y alta disponibilidad de agua.,-127.4924546212,-56.0631553889,-91.7778050050,Ganancia,Ganancia,96.6153527188,168.0446519511,0.4572164212
10,Suchitepéquez,1004,San Bernardino,19.7741502600,88.1529864000,-68.3788361400,Municipio,REG-TB-HUM,REG-TB-HUM,Tierras bajas húmedas del Caribe y del Pacífico,"Barro Colorado, Panamá, y Sarapiquí, Costa Rica",59.3-76.6%,0.5930000000,0.6795000000,0.7660000000,Intervalo directo de valores publicados por sitio,Bosques tropicales húmedos de baja altitud y alta disponibilidad de agua.,-47.7510373224,-32.5005706752,-40.1258039988,Ganancia,Ganancia,20.6277988176,35.8782654648,0.2243162832
10,Suchitepéquez,1005,San José El Ídolo,190.8729451400,955.7824368400,-764.9094917000,Municipio,REG-TB-HUM,REG-TB-HUM,Tierras bajas húmedas del Caribe y del Pacífico,"Barro Colorado, Panamá, y Sarapiquí, Costa Rica",59.3-76.6%,0.5930000000,0.6795000000,0.7660000000,Intervalo directo de valores publicados por sitio,Bosques tropicales húmedos de baja altitud y alta disponibilidad de agua.,-541.2564014794,-375.9060399061,-458.5812206928,Ganancia,Ganancia,223.6530902206,389.0034517939,0.1997033402
10,Suchitepéquez,1006,Santo Domingo Suchitepéquez,136.4899904100,898.5997205000,-762.1097300900,Municipio,REG-TB-HUM,REG-TB-HUM,Tierras bajas húmedas del Caribe y del Pacífico,"Barro Colorado, Panamá, y Sarapiquí, Costa Rica",59.3-76.6%,0.5930000000,0.6795000000,0.7660000000,Intervalo directo de valores publicados por sitio,Bosques tropicales húmedos de baja altitud y alta disponibilidad de agua.,-551.8373954930,-396.3796438465,-474.1085196697,Ganancia,Ganancia,210.2723345970,365.7300862435,0.1518918683
10,Suchitepéquez,1007,San Lorenzo,126.7226227900,839.0529908000,-712.3303680100,Municipio,REG-TB-HUM,REG-TB-HUM,Tierras bajas húmedas del Caribe y del Pacífico,"Barro Colorado, Panamá, y Sarapiquí, Costa Rica",59.3-76.6%,0.5930000000,0.6795000000,0.7660000000,Intervalo directo de valores publicados por sitio,Bosques tropicales húmedos de baja altitud y alta disponibilidad de agua.,-515.9919681628,-370.8358007544,-443.4138844586,Ganancia,Ganancia,196.3383998472,341.4945672556,0.1510305358
10,Suchitepéquez,1010,San Antonio Suchitepéquez,113.6091682700,346.9771191100,-233.3679508400,Municipio,REG-TB-HUM,REG-TB-HUM,Tierras bajas húmedas del Caribe y del Pacífico,"Barro Colorado, Panamá, y Sarapiquí, Costa Rica",59.3-76.6%,0.5930000000,0.6795000000,0.7660000000,Intervalo directo de valores publicados por sitio,Bosques tropicales húmedos de baja altitud y alta disponibilidad de agua.,-152.1753049683,-92.1482633622,-122.1617841652,Ganancia,Ganancia,81.1926458717,141.2196874778,0.3274255333
10,Suchitepéquez,1012,San Gabriel,12.4321572400,9.7008784600,2.7312787800,Municipio,REG-TB-HUM,REG-TB-HUM,Tierras bajas húmedas del Caribe y del Pacífico,"Barro Colorado, Panamá, y Sarapiquí, Costa Rica",59.3-76.6%,0.5930000000,0.6795000000,0.7660000000,Intervalo directo de valores publicados por sitio,Bosques tropicales húmedos de baja altitud y alta disponibilidad de agua.,5.0012843396,6.6795363132,5.8404103264,Pérdida,Pérdida,2.2700055596,3.9482575332,1.2815496340
10,Suchitepéquez,1013,Chicacao,268.4469035600,2458.0701950800,-2189.6232915200,Municipio,REG-TB-HUM,REG-TB-HUM,Tierras bajas húmedas del Caribe y del Pacífico,"Barro Colorado, Panamá, y Sarapiquí, Costa Rica",59.3-76.6%,0.5930000000,0.6795000000,0.7660000000,Intervalo directo de valores publicados por sitio,Bosques tropicales húmedos de baja altitud y alta disponibilidad de agua.,-1614.4348658713,-1189.1887221224,-1401.8117939969,Ganancia,Ganancia,575.1884256487,1000.4345693976,0.1092104302
10,Suchitepéquez,1014,Patulul,308.3218701000,617.7374177200,-309.4155476200,Municipio,REG-TB-HUM,REG-TB-HUM,Tierras bajas húmedas del Caribe y del Pacífico,"Barro Colorado, Panamá, y Sarapiquí, Costa Rica",59.3-76.6%,0.5930000000,0.6795000000,0.7660000000,Intervalo directo de valores publicados por sitio,Bosques tropicales húmedos de baja altitud y alta disponibilidad de agua.,-164.8649918735,-57.9964186080,-111.4307052407,Ganancia,Ganancia,144.5505557465,251.4191290120,0.4991147715
10,Suchitepéquez,1020,Río Bravo,365.2839713200,187.6637144500,177.6202568700,Municipio,REG-TB-HUM,REG-TB-HUM,Tierras bajas húmedas del Caribe y del Pacífico,"Barro Colorado, Panamá, y Sarapiquí, Costa Rica",59.3-76.6%,0.5930000000,0.6795000000,0.7660000000,Intervalo directo de valores publicados por sitio,Bosques tropicales húmedos de baja altitud y alta disponibilidad de agua.,221.5335660513,253.9993886511,237.7664773512,Pérdida,Pérdida,43.9133091813,76.3791317811,1.9464816221
10,Suchitepéquez,1021,La Máquina,30.0830834700,412.8064195700,-382.7233361000,Municipio,REG-TB-HUM,REG-TB-HUM,Tierras bajas húmedas del Caribe y del Pacífico,"Barro Colorado, Panamá, y Sarapiquí, Costa Rica",59.3-76.6%,0.5930000000,0.6795000000,0.7660000000,Intervalo directo de valores publicados por sitio,Bosques tropicales húmedos de baja altitud y alta disponibilidad de agua.,-286.1266339206,-214.7111233350,-250.4188786278,Ganancia,Ganancia,96.5967021794,168.0122127650,0.0728745534
11,Retalhuleu,1101,Retalhuleu,976.9842781300,2092.0490755200,-1115.0647973900,Municipio,REG-TB-HUM,REG-TB-HUM,Tierras bajas húmedas del Caribe y del Pacífico,"Barro Colorado, Panamá, y Sarapiquí, Costa Rica",59.3-76.6%,0.5930000000,0.6795000000,0.7660000000,Intervalo directo de valores publicados por sitio,Bosques tropicales húmedos de baja altitud y alta disponibilidad de agua.,-625.5253137183,-263.6008236534,-444.5630686858,Ganancia,Ganancia,489.5394836717,851.4639737366,0.4669987380
11,Retalhuleu,1102,San Sebastián,21.8950861900,162.9774359100,-141.0823497200,Municipio,REG-TB-HUM,REG-TB-HUM,Tierras bajas húmedas del Caribe y del Pacífico,"Barro Colorado, Panamá, y Sarapiquí, Costa Rica",59.3-76.6%,0.5930000000,0.6795000000,0.7660000000,Intervalo directo de valores publicados por sitio,Bosques tropicales húmedos de baja altitud y alta disponibilidad de agua.,-102.9456297171,-74.7505333046,-88.8480815108,Ganancia,Ganancia,38.1367200029,66.3318164154,0.1343442794
11,Retalhuleu,1103,Santa Cruz Muluá,264.6805660900,588.3767677500,-323.6962016600,Municipio,REG-TB-HUM,REG-TB-HUM,Tierras bajas húmedas del Caribe y del Pacífico,"Barro Colorado, Panamá, y Sarapiquí, Costa Rica",59.3-76.6%,0.5930000000,0.6795000000,0.7660000000,Intervalo directo de valores publicados por sitio,Bosques tropicales húmedos de baja altitud y alta disponibilidad de agua.,-186.0160380065,-84.2268571857,-135.1214475961,Ganancia,Ganancia,137.6801636535,239.4693444743,0.4498487714
11,Retalhuleu,1104,San Martín Zapotitlán,30.3970884000,0.0000000000,30.3970884000,Municipio,REG-TB-HUM,REG-TB-HUM,Tierras bajas húmedas del Caribe y del Pacífico,"Barro Colorado, Panamá, y Sarapiquí, Costa Rica",59.3-76.6%,0.5930000000,0.6795000000,0.7660000000,Intervalo directo de valores publicados por sitio,Bosques tropicales húmedos de baja altitud y alta disponibilidad de agua.,30.3970884000,30.3970884000,30.3970884000,Pérdida,Pérdida,0.0000000000,0.0000000000,
11,Retalhuleu,1105,San Felipe Retalhuleu,68.6044174200,31.1237178200,37.4806996000,Municipio,REG-TB-HUM,REG-TB-HUM,Tierras bajas húmedas del Caribe y del Pacífico,"Barro Colorado, Panamá, y Sarapiquí, Costa Rica",59.3-76.6%,0.5930000000,0.6795000000,0.7660000000,Intervalo directo de valores publicados por sitio,Bosques tropicales húmedos de baja altitud y alta disponibilidad de agua.,44.7636495699,50.1480527527,47.4558511613,Pérdida,Pérdida,7.2829499699,12.6673531527,2.2042487924
11,Retalhuleu,1106,San Andrés Villa Seca,793.8298810500,1072.2269761000,-278.3970950500,Municipio,REG-TB-HUM,REG-TB-HUM,Tierras bajas húmedas del Caribe y del Pacífico,"Barro Colorado, Panamá, y Sarapiquí, Costa Rica",59.3-76.6%,0.5930000000,0.6795000000,0.7660000000,Intervalo directo de valores publicados por sitio,Bosques tropicales húmedos de baja altitud y alta disponibilidad de agua.,-27.4959826426,157.9992842227,65.2516507901,Ganancia,Indeterminado,250.9011124074,436.3963792727,0.7403561921
11,Retalhuleu,1107,Champerico,403.4097824100,1010.8792308500,-607.4694484400,Municipio,REG-TB-HUM,REG-TB-HUM,Tierras bajas húmedas del Caribe y del Pacífico,"Barro Colorado, Panamá, y Sarapiquí, Costa Rica",59.3-76.6%,0.5930000000,0.6795000000,0.7660000000,Intervalo directo de valores publicados por sitio,Bosques tropicales húmedos de baja altitud y alta disponibilidad de agua.,-370.9237084211,-196.0416014840,-283.4826549526,Ganancia,Ganancia,236.5457400189,411.4278469559,0.3990682270
11,Retalhuleu,1108,Nuevo San Carlos,124.6958713500,339.7133156400,-215.0174442900,Municipio,REG-TB-HUM,REG-TB-HUM,Tierras bajas húmedas del Caribe y del Pacífico,"Barro Colorado, Panamá, y Sarapiquí, Costa Rica",59.3-76.6%,0.5930000000,0.6795000000,0.7660000000,Intervalo directo de valores publicados por sitio,Bosques tropicales húmedos de baja altitud y alta disponibilidad de agua.,-135.5245284302,-76.7541248245,-106.1393266274,Ganancia,Ganancia,79.4929158598,138.2633194655,0.3670620656
11,Retalhuleu,1109,El Asintal,144.0838790200,454.1473725200,-310.0634935000,Municipio,REG-TB-HUM,REG-TB-HUM,Tierras bajas húmedas del Caribe y del Pacífico,"Barro Colorado, Panamá, y Sarapiquí, Costa Rica",59.3-76.6%,0.5930000000,0.6795000000,0.7660000000,Intervalo directo de valores publicados por sitio,Bosques tropicales húmedos de baja altitud y alta disponibilidad de agua.,-203.7930083303,-125.2255128844,-164.5092606073,Ganancia,Ganancia,106.2704851697,184.8379806156,0.3172623860
12,San Marcos,1212,Nuevo Progreso,107.3661746800,517.3963642600,-410.0301895800,Municipio,REG-TB-HUM,REG-TB-HUM,Tierras bajas húmedas del Caribe y del Pacífico,"Barro Colorado, Panamá, y Sarapiquí, Costa Rica",59.3-76.6%,0.5930000000,0.6795000000,0.7660000000,Intervalo directo de valores publicados por sitio,Bosques tropicales húmedos de baja altitud y alta disponibilidad de agua.,-288.9594403432,-199.4498693262,-244.2046548347,Ganancia,Ganancia,121.0707492368,210.5803202538,0.2075124259
12,San Marcos,1213,El Tumbador,117.7528046900,276.6380071800,-158.8852024900,Municipio,REG-TB-HUM,REG-TB-HUM,Tierras bajas húmedas del Caribe y del Pacífico,"Barro Colorado, Panamá, y Sarapiquí, Costa Rica",59.3-76.6%,0.5930000000,0.6795000000,0.7660000000,Intervalo directo de valores publicados por sitio,Bosques tropicales húmedos de baja altitud y alta disponibilidad de agua.,-94.1519088099,-46.2935335677,-70.2227211888,Ganancia,Ganancia,64.7332936801,112.5916689223,0.4256566402
12,San Marcos,1214,El Rodeo,8.5659372700,50.7291197700,-42.1631825000,Municipio,REG-TB-HUM,REG-TB-HUM,Tierras bajas húmedas del Caribe y del Pacífico,"Barro Colorado, Panamá, y Sarapiquí, Costa Rica",59.3-76.6%,0.5930000000,0.6795000000,0.7660000000,Intervalo directo de valores publicados por sitio,Bosques tropicales húmedos de baja altitud y alta disponibilidad de agua.,-30.2925684738,-21.5164307536,-25.9044996137,Ganancia,Ganancia,11.8706140262,20.6467517464,0.1688564144
12,San Marcos,1215,Malacatán,93.8634923100,1039.6022659700,-945.7387736600,Municipio,REG-TB-HUM,REG-TB-HUM,Tierras bajas húmedas del Caribe y del Pacífico,"Barro Colorado, Panamá, y Sarapiquí, Costa Rica",59.3-76.6%,0.5930000000,0.6795000000,0.7660000000,Intervalo directo de valores publicados por sitio,Bosques tropicales húmedos de baja altitud y alta disponibilidad de agua.,-702.4718434230,-522.6206514102,-612.5462474166,Ganancia,Ganancia,243.2669302370,423.1181222498,0.0902878874
12,San Marcos,1216,Catarina,53.8228048700,273.2671472100,-219.4443423400,Municipio,REG-TB-HUM,REG-TB-HUM,Tierras bajas húmedas del Caribe y del Pacífico,"Barro Colorado, Panamá, y Sarapiquí, Costa Rica",59.3-76.6%,0.5930000000,0.6795000000,0.7660000000,Intervalo directo de valores publicados por sitio,Bosques tropicales húmedos de baja altitud y alta disponibilidad de agua.,-155.4998298929,-108.2246134255,-131.8622216592,Ganancia,Ganancia,63.9445124471,111.2197289145,0.1969603936
12,San Marcos,1217,Ayutla,45.8048868300,15.0318768200,30.7730100100,Municipio,REG-TB-HUM,REG-TB-HUM,Tierras bajas húmedas del Caribe y del Pacífico,"Barro Colorado, Panamá, y Sarapiquí, Costa Rica",59.3-76.6%,0.5930000000,0.6795000000,0.7660000000,Intervalo directo de valores publicados por sitio,Bosques tropicales húmedos de baja altitud y alta disponibilidad de agua.,34.2904691859,36.8909838757,35.5907265308,Pérdida,Pérdida,3.5174591759,6.1179738657,3.0471834874
12,San Marcos,1218,Ocós,26.6230889600,64.0512311800,-37.4281422200,Municipio,REG-TB-HUM,REG-TB-HUM,Tierras bajas húmedas del Caribe y del Pacífico,"Barro Colorado, Panamá, y Sarapiquí, Costa Rica",59.3-76.6%,0.5930000000,0.6795000000,0.7660000000,Intervalo directo de valores publicados por sitio,Bosques tropicales húmedos de baja altitud y alta disponibilidad de agua.,-22.4401541239,-11.3592911297,-16.8997226268,Ganancia,Ganancia,14.9879880961,26.0688510903,0.4156530401
12,San Marcos,1219,San Pablo,42.1756427800,409.3754008200,-367.1997580400,Municipio,REG-TB-HUM,REG-TB-HUM,Tierras bajas húmedas del Caribe y del Pacífico,"Barro Colorado, Panamá, y Sarapiquí, Costa Rica",59.3-76.6%,0.5930000000,0.6795000000,0.7660000000,Intervalo directo de valores publicados por sitio,Bosques tropicales húmedos de baja altitud y alta disponibilidad de agua.,-271.4059142481,-200.5839699063,-235.9949420772,Ganancia,Ganancia,95.7938437919,166.6157881337,0.1030243700
12,San Marcos,1220,El Quetzal,9.9563145100,45.3644553200,-35.4081408100,Municipio,REG-TB-HUM,REG-TB-HUM,Tierras bajas húmedas del Caribe y del Pacífico,"Barro Colorado, Panamá, y Sarapiquí, Costa Rica",59.3-76.6%,0.5930000000,0.6795000000,0.7660000000,Intervalo directo de valores publicados por sitio,Bosques tropicales húmedos de baja altitud y alta disponibilidad de agua.,-24.7928582651,-16.9448074948,-20.8688328799,Ganancia,Ganancia,10.6152825449,18.4633333152,0.2194739128
12,San Marcos,1221,La Reforma,6.0560140400,27.0287839800,-20.9727699400,Municipio,REG-TB-HUM,REG-TB-HUM,Tierras bajas húmedas del Caribe y del Pacífico,"Barro Colorado, Panamá, y Sarapiquí, Costa Rica",59.3-76.6%,0.5930000000,0.6795000000,0.7660000000,Intervalo directo de valores publicados por sitio,Bosques tropicales húmedos de baja altitud y alta disponibilidad de agua.,-14.6480344887,-9.9720548601,-12.3100446744,Ganancia,Ganancia,6.3247354513,11.0007150799,0.2240579541
12,San Marcos,1222,Pajapita,589.6688456800,1006.9198436600,-417.2509979800,Municipio,REG-TB-HUM,REG-TB-HUM,Tierras bajas húmedas del Caribe y del Pacífico,"Barro Colorado, Panamá, y Sarapiquí, Costa Rica",59.3-76.6%,0.5930000000,0.6795000000,0.7660000000,Intervalo directo de valores publicados por sitio,Bosques tropicales húmedos de baja altitud y alta disponibilidad de agua.,-181.6317545636,-7.4346216104,-94.5331880870,Ganancia,Ganancia,235.6192434164,409.8163763696,0.5856164713
12,San Marcos,1230,La Blanca,105.5209006700,133.5401244200,-28.0192237500,Municipio,REG-TB-HUM,REG-TB-HUM,Tierras bajas húmedas del Caribe y del Pacífico,"Barro Colorado, Panamá, y Sarapiquí, Costa Rica",59.3-76.6%,0.5930000000,0.6795000000,0.7660000000,Intervalo directo de valores publicados por sitio,Bosques tropicales húmedos de baja altitud y alta disponibilidad de agua.,3.2291653643,26.3316068889,14.7803861266,Ganancia,Pérdida,31.2483891143,54.3508306389,0.7901812368
13,Huehuetenango,1305,Nentón,510.2892541800,181.9027562400,328.3864979400,Municipio,REG-PET-FTN,REG-PET-FTN,Sur de Petén y vertiente norte,"Chajul, México",59.4%,0.5940000000,0.5940000000,0.5940000000,Intervalo directo de valores publicados por sitio,Bosques húmedos de tierras bajas del ámbito de la Selva Maya.,402.2390169734,402.2390169734,402.2390169734,Pérdida,Pérdida,73.8525190334,73.8525190334,2.8052859931
13,Huehuetenango,1307,Jacaltenango,79.0605150100,1.3754714700,77.6850435400,Municipio,REG-PET-FTN,REG-PET-FTN,Sur de Petén y vertiente norte,"Chajul, México",59.4%,0.5940000000,0.5940000000,0.5940000000,Intervalo directo de valores publicados por sitio,Bosques húmedos de tierras bajas del ámbito de la Selva Maya.,78.2434849568,78.2434849568,78.2434849568,Pérdida,Pérdida,0.5584414168,0.5584414168,57.4788476056
13,Huehuetenango,1318,San Mateo Ixtatán,1338.8678244400,94.2441145400,1244.6237099000,Municipio,REG-PET-FTN,REG-PET-FTN,Sur de Petén y vertiente norte,"Chajul, México",59.4%,0.5940000000,0.5940000000,0.5940000000,Intervalo directo de valores publicados por sitio,Bosques húmedos de tierras bajas del ámbito de la Selva Maya.,1282.8868204032,1282.8868204032,1282.8868204032,Pérdida,Pérdida,38.2631105032,38.2631105032,14.2063812788
13,Huehuetenango,1322,Concepción Huista,39.8545233400,3.8834704100,35.9710529300,Municipio,REG-PET-FTN,REG-PET-FTN,Sur de Petén y vertiente norte,"Chajul, México",59.4%,0.5940000000,0.5940000000,0.5940000000,Intervalo directo de valores publicados por sitio,Bosques húmedos de tierras bajas del ámbito de la Selva Maya.,37.5477419165,37.5477419165,37.5477419165,Pérdida,Pérdida,1.5766889865,1.5766889865,10.2626051269
13,Huehuetenango,1324,San Antonio Huista,2.5757253000,0.1723514400,2.4033738600,Municipio,REG-PET-FTN,REG-PET-FTN,Sur de Petén y vertiente norte,"Chajul, México",59.4%,0.5940000000,0.5940000000,0.5940000000,Intervalo directo de valores publicados por sitio,Bosques húmedos de tierras bajas del ámbito de la Selva Maya.,2.4733485446,2.4733485446,2.4733485446,Pérdida,Pérdida,0.0699746846,0.0699746846,14.9446114288
13,Huehuetenango,1325,San Sebastián Coatán,41.1100720100,44.2521504200,-3.1420784100,Municipio,REG-PET-FTN,REG-PET-FTN,Sur de Petén y vertiente norte,"Chajul, México",59.4%,0.5940000000,0.5940000000,0.5940000000,Intervalo directo de valores publicados por sitio,Bosques húmedos de tierras bajas del ámbito de la Selva Maya.,14.8242946605,14.8242946605,14.8242946605,Ganancia,Pérdida,17.9663730705,17.9663730705,0.9289960289
13,Huehuetenango,1326,Barillas,3000.8787835800,2906.9685941100,93.9101894700,Municipio,REG-PET-FTN,REG-PET-FTN,Sur de Petén y vertiente norte,"Chajul, México",59.4%,0.5940000000,0.5940000000,0.5940000000,Intervalo directo de valores publicados por sitio,Bosques húmedos de tierras bajas del ámbito de la Selva Maya.,1274.1394386787,1274.1394386787,1274.1394386787,Pérdida,Pérdida,1180.2292492087,1180.2292492087,1.0323051957
13,Huehuetenango,1331,Santa Ana Huista,9.5624877600,0.2584681300,9.3040196300,Municipio,REG-PET-FTN,REG-PET-FTN,Sur de Petén y vertiente norte,"Chajul, México",59.4%,0.5940000000,0.5940000000,0.5940000000,Intervalo directo de valores publicados por sitio,Bosques húmedos de tierras bajas del ámbito de la Selva Maya.,9.4089576908,9.4089576908,9.4089576908,Pérdida,Pérdida,0.1049380608,0.1049380608,36.9967769721
13,Huehuetenango,1332,Unión Cantinil,8.7918464000,0.0000000000,8.7918464000,Municipio,REG-PET-FTN,REG-PET-FTN,Sur de Petén y vertiente norte,"Chajul, México",59.4%,0.5940000000,0.5940000000,0.5940000000,Intervalo directo de valores publicados por sitio,Bosques húmedos de tierras bajas del ámbito de la Selva Maya.,8.7918464000,8.7918464000,8.7918464000,Pérdida,Pérdida,0.0000000000,0.0000000000,
13,Huehuetenango,1333,Petatán,0.6127797800,0.0000000000,0.6127797800,Municipio,REG-PET-FTN,REG-PET-FTN,Sur de Petén y vertiente norte,"Chajul, México",59.4%,0.5940000000,0.5940000000,0.5940000000,Intervalo directo de valores publicados por sitio,Bosques húmedos de tierras bajas del ámbito de la Selva Maya.,0.6127797800,0.6127797800,0.6127797800,Pérdida,Pérdida,0.0000000000,0.0000000000,
14,Quiché,1405,Chajul,1002.1215214000,1993.1186264000,-990.9971050000,Municipio,REG-PET-FTN,REG-PET-FTN,Sur de Petén y vertiente norte,"Chajul, México",59.4%,0.5940000000,0.5940000000,0.5940000000,Intervalo directo de valores publicados por sitio,Bosques húmedos de tierras bajas del ámbito de la Selva Maya.,-181.7909426816,-181.7909426816,-181.7909426816,Ganancia,Ganancia,809.2061623184,809.2061623184,0.5027907060
14,Quiché,1411,San Juan Cotzal,264.2703283300,47.6419305100,216.6283978200,Municipio,REG-PET-FTN,REG-PET-FTN,Sur de Petén y vertiente norte,"Chajul, México",59.4%,0.5940000000,0.5940000000,0.5940000000,Intervalo directo de valores publicados por sitio,Bosques húmedos de tierras bajas del ámbito de la Selva Maya.,235.9710216071,235.9710216071,235.9710216071,Pérdida,Pérdida,19.3426237871,19.3426237871,5.5470113302
14,Quiché,1413,Nebaj,974.1508499600,1293.4022833700,-319.2514334100,Municipio,REG-PET-FTN,REG-PET-FTN,Sur de Petén y vertiente norte,"Chajul, México",59.4%,0.5940000000,0.5940000000,0.5940000000,Intervalo directo de valores publicados por sitio,Bosques húmedos de tierras bajas del ámbito de la Selva Maya.,205.8698936382,205.8698936382,205.8698936382,Ganancia,Pérdida,525.1213270482,525.1213270482,0.7531692672
14,Quiché,1415,Uspantán,1963.2554621700,720.7533896000,1242.5020725700,Municipio,REG-PET-FTN,REG-PET-FTN,Sur de Petén y vertiente norte,"Chajul, México",59.4%,0.5940000000,0.5940000000,0.5940000000,Intervalo directo de valores publicados por sitio,Bosques húmedos de tierras bajas del ámbito de la Selva Maya.,1535.1279487476,1535.1279487476,1535.1279487476,Pérdida,Pérdida,292.6258761776,292.6258761776,2.7238934849
14,Quiché,1416,Sacapulas,227.7604692200,136.2240660100,91.5364032100,Municipio,REG-SEC-MOT,REG-SEC-MOT,"Valles secos interiores, Motagua y Salamá–Chixoy","Sitios secos de Bolivia, Brasil y México",25-65%,0.2500000000,0.4500000000,0.6500000000,Intervalo de sitios secos con redondeo exterior a incrementos de 0.05,Mayor déficit hídrico y recuperación generalmente más lenta.,139.2148263135,193.7044527175,166.4596395155,Pérdida,Pérdida,47.6784231035,102.1680495075,1.6719547132
14,Quiché,1417,San Bartolomé Jocotenango,342.9184694800,168.0114752600,174.9069942200,Municipio,REG-SEC-MOT,REG-SEC-MOT,"Valles secos interiores, Motagua y Salamá–Chixoy","Sitios secos de Bolivia, Brasil y México",25-65%,0.2500000000,0.4500000000,0.6500000000,Intervalo de sitios secos con redondeo exterior a incrementos de 0.05,Mayor déficit hídrico y recuperación generalmente más lenta.,233.7110105610,300.9156006650,267.3133056130,Pérdida,Pérdida,58.8040163410,126.0086064450,2.0410419523
14,Quiché,1418,Canillá,105.9588890900,341.4591077800,-235.5002186900,Municipio,REG-SEC-MOT,REG-SEC-MOT,"Valles secos interiores, Motagua y Salamá–Chixoy","Sitios secos de Bolivia, Brasil y México",25-65%,0.2500000000,0.4500000000,0.6500000000,Intervalo de sitios secos con redondeo exterior a incrementos de 0.05,Mayor déficit hídrico y recuperación generalmente más lenta.,-115.9895309670,20.5941121450,-47.6977094110,Ganancia,Indeterminado,119.5106877230,256.0943308350,0.3103120891
14,Quiché,1419,Chicamán,883.0235882100,78.2356461000,804.7879421100,Municipio,REG-PET-FTN,REG-PET-FTN,Sur de Petén y vertiente norte,"Chajul, México",59.4%,0.5940000000,0.5940000000,0.5940000000,Intervalo directo de valores publicados por sitio,Bosques húmedos de tierras bajas del ámbito de la Selva Maya.,836.5516144266,836.5516144266,836.5516144266,Pérdida,Pérdida,31.7636723166,31.7636723166,11.2867168897
14,Quiché,1420,Ixcán,3420.6328027500,4393.4043389300,-972.7715361800,Municipio,REG-PET-FTN,REG-PET-FTN,Sur de Petén y vertiente norte,"Chajul, México",59.4%,0.5940000000,0.5940000000,0.5940000000,Intervalo directo de valores publicados por sitio,Bosques húmedos de tierras bajas del ámbito de la Selva Maya.,810.9506254256,810.9506254256,810.9506254256,Ganancia,Pérdida,1783.7221616056,1783.7221616056,0.7785836538
14,Quiché,1421,Pachalum,6.8273412800,0.2593001900,6.5680410900,Municipio,REG-SEC-MOT,REG-SEC-MOT,"Valles secos interiores, Motagua y Salamá–Chixoy","Sitios secos de Bolivia, Brasil y México",25-65%,0.2500000000,0.4500000000,0.6500000000,Intervalo de sitios secos con redondeo exterior a incrementos de 0.05,Mayor déficit hídrico y recuperación generalmente más lenta.,6.6587961565,6.7625162325,6.7106561945,Pérdida,Pérdida,0.0907550665,0.1944751425,26.3298738038
15,Baja Verapaz,1501,Salamá,849.1907205000,199.2260475800,649.9646729200,Municipio,REG-SEC-MOT,REG-SEC-MOT,"Valles secos interiores, Motagua y Salamá–Chixoy","Sitios secos de Bolivia, Brasil y México",25-65%,0.2500000000,0.4500000000,0.6500000000,Intervalo de sitios secos con redondeo exterior a incrementos de 0.05,Mayor déficit hídrico y recuperación generalmente más lenta.,719.6937895730,799.3842086050,759.5389990890,Pérdida,Pérdida,69.7291166530,149.4195356850,4.2624482632
15,Baja Verapaz,1502,San Miguel Chicaj,52.4261172000,38.6209020900,13.8052151100,Municipio,REG-SEC-MOT,REG-SEC-MOT,"Valles secos interiores, Motagua y Salamá–Chixoy","Sitios secos de Bolivia, Brasil y México",25-65%,0.2500000000,0.4500000000,0.6500000000,Intervalo de sitios secos con redondeo exterior a incrementos de 0.05,Mayor déficit hídrico y recuperación generalmente más lenta.,27.3225308415,42.7708916775,35.0467112595,Pérdida,Pérdida,13.5173157315,28.9656765675,1.3574544965
15,Baja Verapaz,1503,Rabinal,153.6873849000,15.8474058300,137.8399790700,Municipio,REG-SEC-MOT,REG-SEC-MOT,"Valles secos interiores, Motagua y Salamá–Chixoy","Sitios secos de Bolivia, Brasil y México",25-65%,0.2500000000,0.4500000000,0.6500000000,Intervalo de sitios secos con redondeo exterior a incrementos de 0.05,Mayor déficit hídrico y recuperación generalmente más lenta.,143.3865711105,149.7255334425,146.5560522765,Pérdida,Pérdida,5.5465920405,11.8855543725,9.6979522421
15,Baja Verapaz,1504,Cubulco,1021.9000433900,9.8392989600,1012.0607444300,Municipio,REG-SEC-MOT,REG-SEC-MOT,"Valles secos interiores, Motagua y Salamá–Chixoy","Sitios secos de Bolivia, Brasil y México",25-65%,0.2500000000,0.4500000000,0.6500000000,Intervalo de sitios secos con redondeo exterior a incrementos de 0.05,Mayor déficit hídrico y recuperación generalmente más lenta.,1015.5044990660,1019.4402186500,1017.4723588580,Pérdida,Pérdida,3.4437546360,7.3794742200,103.8590297484
15,Baja Verapaz,1505,Granados,150.4384114000,3.3155674100,147.1228439900,Municipio,REG-SEC-MOT,REG-SEC-MOT,"Valles secos interiores, Motagua y Salamá–Chixoy","Sitios secos de Bolivia, Brasil y México",25-65%,0.2500000000,0.4500000000,0.6500000000,Intervalo de sitios secos con redondeo exterior a incrementos de 0.05,Mayor déficit hídrico y recuperación generalmente más lenta.,148.2832925835,149.6095195475,148.9464060655,Pérdida,Pérdida,1.1604485935,2.4866755575,45.3733532747
15,Baja Verapaz,1506,El Chol,36.2148505000,2.2760410200,33.9388094800,Municipio,REG-SEC-MOT,REG-SEC-MOT,"Valles secos interiores, Motagua y Salamá–Chixoy","Sitios secos de Bolivia, Brasil y México",25-65%,0.2500000000,0.4500000000,0.6500000000,Intervalo de sitios secos con redondeo exterior a incrementos de 0.05,Mayor déficit hídrico y recuperación generalmente más lenta.,34.7354238370,35.6458402450,35.1906320410,Pérdida,Pérdida,0.7966143570,1.7070307650,15.9113347175
15,Baja Verapaz,1507,San Jerónimo,684.2164644900,30.6433171700,653.5731473200,Municipio,REG-SEC-MOT,REG-SEC-MOT,"Valles secos interiores, Motagua y Salamá–Chixoy","Sitios secos de Bolivia, Brasil y México",25-65%,0.2500000000,0.4500000000,0.6500000000,Intervalo de sitios secos con redondeo exterior a incrementos de 0.05,Mayor déficit hídrico y recuperación generalmente más lenta.,664.2983083295,676.5556351975,670.4269717635,Pérdida,Pérdida,10.7251610095,22.9824878775,22.3284072248
16,Alta Verapaz,1607,Panzós,1981.1605313900,54.6013363800,1926.5591950100,Municipio,REG-PET-FTN,REG-PET-FTN,Sur de Petén y vertiente norte,"Chajul, México",59.4%,0.5940000000,0.5940000000,0.5940000000,Intervalo directo de valores publicados por sitio,Bosques húmedos de tierras bajas del ámbito de la Selva Maya.,1948.7273375803,1948.7273375803,1948.7273375803,Pérdida,Pérdida,22.1681425703,22.1681425703,36.2841033341
16,Alta Verapaz,1608,Senahú,3231.6878176500,91.4759187400,3140.2118989100,Municipio,REG-PET-FTN,REG-PET-FTN,Sur de Petén y vertiente norte,"Chajul, México",59.4%,0.5940000000,0.5940000000,0.5940000000,Intervalo directo de valores publicados por sitio,Bosques húmedos de tierras bajas del ámbito de la Selva Maya.,3177.3511219184,3177.3511219184,3177.3511219184,Pérdida,Pérdida,37.1392230084,37.1392230084,35.3282903540
16,Alta Verapaz,1609,San Pedro Carchá,3369.2938635100,1177.1890391300,2192.1048243800,Municipio,REG-PET-FTN,REG-PET-FTN,Sur de Petén y vertiente norte,"Chajul, México",59.4%,0.5940000000,0.5940000000,0.5940000000,Intervalo directo de valores publicados por sitio,Bosques húmedos de tierras bajas del ámbito de la Selva Maya.,2670.0435742668,2670.0435742668,2670.0435742668,Pérdida,Pérdida,477.9387498868,477.9387498868,2.8621519157
16,Alta Verapaz,1610,San Juan Chamelco,262.1493808500,379.8429125800,-117.6935317300,Municipio,REG-PET-FTN,REG-PET-FTN,Sur de Petén y vertiente norte,"Chajul, México",59.4%,0.5940000000,0.5940000000,0.5940000000,Intervalo directo de valores publicados por sitio,Bosques húmedos de tierras bajas del ámbito de la Selva Maya.,36.5226907775,36.5226907775,36.5226907775,Ganancia,Pérdida,154.2162225075,154.2162225075,0.6901520923
16,Alta Verapaz,1611,Lanquín,615.3353952500,1570.8357259100,-955.5003306600,Municipio,REG-PET-FTN,REG-PET-FTN,Sur de Petén y vertiente norte,"Chajul, México",59.4%,0.5940000000,0.5940000000,0.5940000000,Intervalo directo de valores publicados por sitio,Bosques húmedos de tierras bajas del ámbito de la Selva Maya.,-317.7410259405,-317.7410259405,-317.7410259405,Ganancia,Ganancia,637.7593047195,637.7593047195,0.3917248539
16,Alta Verapaz,1612,Cahabón,3064.5690216100,1419.7240484100,1644.8449732000,Municipio,REG-PET-FTN,REG-PET-FTN,Sur de Petén y vertiente norte,"Chajul, México",59.4%,0.5940000000,0.5940000000,0.5940000000,Intervalo directo de valores publicados por sitio,Bosques húmedos de tierras bajas del ámbito de la Selva Maya.,2221.2529368545,2221.2529368545,2221.2529368545,Pérdida,Pérdida,576.4079636545,576.4079636545,2.1585666771
16,Alta Verapaz,1613,Chisec,3481.5145586500,3339.8232995700,141.6912590800,Municipio,REG-PET-FTN,REG-PET-FTN,Sur de Petén y vertiente norte,"Chajul, México",59.4%,0.5940000000,0.5940000000,0.5940000000,Intervalo directo de valores publicados por sitio,Bosques húmedos de tierras bajas del ámbito de la Selva Maya.,1497.6595187054,1497.6595187054,1497.6595187054,Pérdida,Pérdida,1355.9682596254,1355.9682596254,1.0424247771
16,Alta Verapaz,1614,Chahal,1896.7959948300,1563.9504471900,332.8455476400,Municipio,REG-PET-FTN,REG-PET-FTN,Sur de Petén y vertiente norte,"Chajul, México",59.4%,0.5940000000,0.5940000000,0.5940000000,Intervalo directo de valores publicados por sitio,Bosques húmedos de tierras bajas del ámbito de la Selva Maya.,967.8094291991,967.8094291991,967.8094291991,Pérdida,Pérdida,634.9638815591,634.9638815591,1.2128235893
16,Alta Verapaz,1615,Fray Bartolomé de las Casas,3585.5108968600,2061.8379414300,1523.6729554300,Municipio,REG-PET-FTN,REG-PET-FTN,Sur de Petén y vertiente norte,"Chajul, México",59.4%,0.5940000000,0.5940000000,0.5940000000,Intervalo directo de valores publicados por sitio,Bosques húmedos de tierras bajas del ámbito de la Selva Maya.,2360.7791596506,2360.7791596506,2360.7791596506,Pérdida,Pérdida,837.1062042206,837.1062042206,1.7389877375
16,Alta Verapaz,1616,Santa Catalina la Tinta,466.4462897800,4.4881795800,461.9581102000,Municipio,REG-PET-FTN,REG-PET-FTN,Sur de Petén y vertiente norte,"Chajul, México",59.4%,0.5940000000,0.5940000000,0.5940000000,Intervalo directo de valores publicados por sitio,Bosques húmedos de tierras bajas del ámbito de la Selva Maya.,463.7803111095,463.7803111095,463.7803111095,Pérdida,Pérdida,1.8222009095,1.8222009095,103.9277242512
16,Alta Verapaz,1617,Raxruhá,1786.2149979300,1124.3843954400,661.8306024900,Municipio,REG-PET-FTN,REG-PET-FTN,Sur de Petén y vertiente norte,"Chajul, México",59.4%,0.5940000000,0.5940000000,0.5940000000,Intervalo directo de valores publicados por sitio,Bosques húmedos de tierras bajas del ámbito de la Selva Maya.,1118.3306670386,1118.3306670386,1118.3306670386,Pérdida,Pérdida,456.5000645486,456.5000645486,1.5886159619
17,Petén,1701,Flores,7237.4976479900,8226.3262679700,-988.8286199800,Municipio,REG-PET-N,REG-PET-N,Norte y centro de Petén,"Quintana Roo y Yucatán, México",66.4-66.7%,0.6640000000,0.6655000000,0.6670000000,Intervalo directo de valores publicados por sitio,"Plataforma kárstica, estacionalidad y bosques tropicales estacionales.",1750.5380272540,1775.2170060579,1762.8775166560,Ganancia,Pérdida,2739.3666472340,2764.0456260379,0.8797970579
17,Petén,1702,San José,2412.3167145900,1835.3307007400,576.9860138500,Municipio,REG-PET-N,REG-PET-N,Norte y centro de Petén,"Quintana Roo y Yucatán, México",66.4-66.7%,0.6640000000,0.6655000000,0.6670000000,Intervalo directo de valores publicados por sitio,"Plataforma kárstica, estacionalidad y bosques tropicales estacionales.",1188.1511371964,1193.6571292986,1190.9041332475,Pérdida,Pérdida,611.1651233464,616.6711154486,1.3143771385
17,Petén,1703,San Benito,791.9674072400,1199.7333837200,-407.7659764800,Municipio,REG-PET-N,REG-PET-N,Norte y centro de Petén,"Quintana Roo y Yucatán, México",66.4-66.7%,0.6640000000,0.6655000000,0.6670000000,Intervalo directo de valores publicados por sitio,"Plataforma kárstica, estacionalidad y bosques tropicales estacionales.",-8.2547597012,-4.6555595501,-6.4551596257,Ganancia,Ganancia,399.5112167788,403.1104169299,0.6601195049
17,Petén,1704,San Andrés,36273.4674582700,27107.4770755500,9165.9903827200,Municipio,REG-PET-N,REG-PET-N,Norte y centro de Petén,"Quintana Roo y Yucatán, México",66.4-66.7%,0.6640000000,0.6655000000,0.6670000000,Intervalo directo de valores publicados por sitio,"Plataforma kárstica, estacionalidad y bosques tropicales estacionales.",18192.7802488781,18274.1026801048,18233.4414644915,Pérdida,Pérdida,9026.7898661581,9108.1122973848,1.3381351336
17,Petén,1705,La Libertad,25181.6884252600,17057.5055477800,8124.1828774800,Municipio,REG-PET-N,REG-PET-N,Norte y centro de Petén,"Quintana Roo y Yucatán, México",66.4-66.7%,0.6640000000,0.6655000000,0.6670000000,Intervalo directo de valores publicados por sitio,"Plataforma kárstica, estacionalidad y bosques tropicales estacionales.",13804.3322248907,13855.5047415341,13829.9184832124,Pérdida,Pérdida,5680.1493474107,5731.3218640541,1.4762820012
17,Petén,1706,San Francisco,2785.1632618200,2289.7213057700,495.4419560500,Municipio,REG-PET-N,REG-PET-N,Norte y centro de Petén,"Quintana Roo y Yucatán, México",66.4-66.7%,0.6640000000,0.6655000000,0.6670000000,Intervalo directo de valores publicados por sitio,"Plataforma kárstica, estacionalidad y bosques tropicales estacionales.",1257.9191508714,1264.7883147887,1261.3537328301,Pérdida,Pérdida,762.4771948214,769.3463587387,1.2163765323
17,Petén,1707,Santa Ana,4233.7967955600,5860.5798452100,-1626.7830496500,Municipio,REG-PET-N,REG-PET-N,Norte y centro de Petén,"Quintana Roo y Yucatán, México",66.4-66.7%,0.6640000000,0.6655000000,0.6670000000,Intervalo directo de valores publicados por sitio,"Plataforma kárstica, estacionalidad y bosques tropicales estacionales.",324.7900388049,342.3717783406,333.5809085727,Ganancia,Pérdida,1951.5730884549,1969.1548279906,0.7224194376
17,Petén,1708,Dolores,7108.2912476700,10293.3639892200,-3185.0727415500,Municipio,REG-PET-FTN,REG-PET-FTN,Sur de Petén y vertiente norte,"Chajul, México",59.4%,0.5940000000,0.5940000000,0.5940000000,Intervalo directo de valores publicados por sitio,Bosques húmedos de tierras bajas del ámbito de la Selva Maya.,994.0330380733,994.0330380733,994.0330380733,Ganancia,Pérdida,4179.1057796233,4179.1057796233,0.6905702796
17,Petén,1709,San Luis,12351.4146271600,13370.2092940100,-1018.7946668500,Municipio,REG-PET-FTN,REG-PET-FTN,Sur de Petén y vertiente norte,"Chajul, México",59.4%,0.5940000000,0.5940000000,0.5940000000,Intervalo directo de valores publicados por sitio,Bosques húmedos de tierras bajas del ámbito de la Selva Maya.,4409.5103065181,4409.5103065181,4409.5103065181,Ganancia,Pérdida,5428.3049733681,5428.3049733681,0.9238011429
17,Petén,1710,Sayaxché,12525.8602300500,14289.3399833300,-1763.4797532800,Municipio,REG-PET-FTN,REG-PET-FTN,Sur de Petén y vertiente norte,"Chajul, México",59.4%,0.5940000000,0.5940000000,0.5940000000,Intervalo directo de valores publicados por sitio,Bosques húmedos de tierras bajas del ámbito de la Selva Maya.,4037.9922799520,4037.9922799520,4037.9922799520,Ganancia,Pérdida,5801.4720332320,5801.4720332320,0.8765877392
17,Petén,1711,Melchor de Mencos,6936.8776264600,5207.6051296600,1729.2724968000,Municipio,REG-PET-N,REG-PET-N,Norte y centro de Petén,"Quintana Roo y Yucatán, México",66.4-66.7%,0.6640000000,0.6655000000,0.6670000000,Intervalo directo de valores publicados por sitio,"Plataforma kárstica, estacionalidad y bosques tropicales estacionales.",3463.4050049768,3479.0278203658,3471.2164126713,Pérdida,Pérdida,1734.1325081768,1749.7553235658,1.3320667473
17,Petén,1712,Poptún,11893.9754961500,9060.0469402500,2833.9285559000,Municipio,REG-PET-FTN,REG-PET-FTN,Sur de Petén y vertiente norte,"Chajul, México",59.4%,0.5940000000,0.5940000000,0.5940000000,Intervalo directo de valores publicados por sitio,Bosques húmedos de tierras bajas del ámbito de la Selva Maya.,6512.3076136415,6512.3076136415,6512.3076136415,Pérdida,Pérdida,3678.3790577415,3678.3790577415,1.3127940257
17,Petén,1713,Las Cruces,7597.6452696200,6721.5255335300,876.1197360900,Municipio,REG-PET-N,REG-PET-N,Norte y centro de Petén,"Quintana Roo y Yucatán, México",66.4-66.7%,0.6640000000,0.6655000000,0.6670000000,Intervalo directo de valores publicados por sitio,"Plataforma kárstica, estacionalidad y bosques tropicales estacionales.",3114.3877387555,3134.5523153561,3124.4700270558,Pérdida,Pérdida,2238.2680026655,2258.4325792661,1.1303453705
17,Petén,1714,El Chal,3186.8760894400,2925.5684728000,261.3076166400,Municipio,REG-PET-FTN,REG-PET-FTN,Sur de Petén y vertiente norte,"Chajul, México",59.4%,0.5940000000,0.5940000000,0.5940000000,Intervalo directo de valores publicados por sitio,Bosques húmedos de tierras bajas del ámbito de la Selva Maya.,1449.0884165968,1449.0884165968,1449.0884165968,Pérdida,Pérdida,1187.7807999568,1187.7807999568,1.0893185783
18,Izabal,1801,Puerto Barrios,2009.3675697500,94.0507412000,1915.3168285500,Municipio,REG-TB-HUM,REG-TB-HUM,Tierras bajas húmedas del Caribe y del Pacífico,"Barro Colorado, Panamá, y Sarapiquí, Costa Rica",59.3-76.6%,0.5930000000,0.6795000000,0.7660000000,Intervalo directo de valores publicados por sitio,Bosques tropicales húmedos de baja altitud y alta disponibilidad de agua.,1937.3247019908,1953.5954802184,1945.4600911046,Pérdida,Pérdida,22.0078734408,38.2786516684,21.3647180672
18,Izabal,1802,Livingston,7163.5344335300,2063.9356030400,5099.5988304900,Municipio,REG-TB-HUM,REG-TB-HUM,Tierras bajas húmedas del Caribe y del Pacífico,"Barro Colorado, Panamá, y Sarapiquí, Costa Rica",59.3-76.6%,0.5930000000,0.6795000000,0.7660000000,Intervalo directo de valores publicados por sitio,Bosques tropicales húmedos de baja altitud y alta disponibilidad de agua.,5582.5597616014,5939.6206209273,5761.0901912643,Pérdida,Pérdida,482.9609311114,840.0217904373,3.4708129570
18,Izabal,1803,El Estor,4835.8520286100,1979.9647572600,2855.8872713500,Municipio,REG-TB-HUM,REG-TB-HUM,Tierras bajas húmedas del Caribe y del Pacífico,"Barro Colorado, Panamá, y Sarapiquí, Costa Rica",59.3-76.6%,0.5930000000,0.6795000000,0.7660000000,Intervalo directo de valores publicados por sitio,Bosques tropicales húmedos de baja altitud y alta disponibilidad de agua.,3319.1990245488,3661.7329275548,3490.4659760518,Pérdida,Pérdida,463.3117531988,805.8456562048,2.4423929824
18,Izabal,1804,Morales,1163.2272474200,947.8928114300,215.3344359900,Municipio,REG-TB-HUM,REG-TB-HUM,Tierras bajas húmedas del Caribe y del Pacífico,"Barro Colorado, Panamá, y Sarapiquí, Costa Rica",59.3-76.6%,0.5930000000,0.6795000000,0.7660000000,Intervalo directo de valores publicados por sitio,Bosques tropicales húmedos de baja altitud y alta disponibilidad de agua.,437.1413538646,601.1268102420,519.1340820533,Pérdida,Pérdida,221.8069178746,385.7923742520,1.2271717154
18,Izabal,1805,Los Amates,861.6970483600,377.7936209200,483.9034274400,Municipio,REG-TB-HUM,REG-TB-HUM,Tierras bajas húmedas del Caribe y del Pacífico,"Barro Colorado, Panamá, y Sarapiquí, Costa Rica",59.3-76.6%,0.5930000000,0.6795000000,0.7660000000,Intervalo directo de valores publicados por sitio,Bosques tropicales húmedos de baja altitud y alta disponibilidad de agua.,572.3071347353,637.6654311544,604.9862829449,Pérdida,Pérdida,88.4037072953,153.7620037144,2.2808671207
19,Zacapa,1901,Zacapa,596.1121036300,256.1819501700,339.9301534600,Municipio,REG-SEC-MOT,REG-SEC-MOT,"Valles secos interiores, Motagua y Salamá–Chixoy","Sitios secos de Bolivia, Brasil y México",25-65%,0.2500000000,0.4500000000,0.6500000000,Intervalo de sitios secos con redondeo exterior a incrementos de 0.05,Mayor déficit hídrico y recuperación generalmente más lenta.,429.5938360195,532.0666160875,480.8302260535,Pérdida,Pérdida,89.6636825595,192.1364626275,2.3269090708
19,Zacapa,1902,Estanzuela,0.6053564100,43.9380789100,-43.3327225000,Municipio,REG-SEC-MOT,REG-SEC-MOT,"Valles secos interiores, Motagua y Salamá–Chixoy","Sitios secos de Bolivia, Brasil y México",25-65%,0.2500000000,0.4500000000,0.6500000000,Intervalo de sitios secos con redondeo exterior a incrementos de 0.05,Mayor déficit hídrico y recuperación generalmente más lenta.,-27.9543948815,-10.3791633175,-19.1667790995,Ganancia,Ganancia,15.3783276185,32.9535591825,0.0137774893
19,Zacapa,1903,Río Hondo,245.9562122900,86.8874190700,159.0687932200,Municipio,REG-SEC-MOT,REG-SEC-MOT,"Valles secos interiores, Motagua y Salamá–Chixoy","Sitios secos de Bolivia, Brasil y México",25-65%,0.2500000000,0.4500000000,0.6500000000,Intervalo de sitios secos con redondeo exterior a incrementos de 0.05,Mayor déficit hídrico y recuperación generalmente más lenta.,189.4793898945,224.2343575225,206.8568737085,Pérdida,Pérdida,30.4105966745,65.1655643025,2.8307459805
19,Zacapa,1904,Gualán,617.1798737400,1432.0827753600,-814.9029016200,Municipio,REG-SEC-MOT,REG-SEC-MOT,"Valles secos interiores, Motagua y Salamá–Chixoy","Sitios secos de Bolivia, Brasil y México",25-65%,0.2500000000,0.4500000000,0.6500000000,Intervalo de sitios secos con redondeo exterior a incrementos de 0.05,Mayor déficit hídrico y recuperación generalmente más lenta.,-313.6739302440,259.1591799000,-27.2573751720,Ganancia,Indeterminado,501.2289713760,1074.0620815200,0.4309666203
19,Zacapa,1905,Teculután,48.9116782800,57.9830105900,-9.0713323100,Municipio,REG-SEC-MOT,REG-SEC-MOT,"Valles secos interiores, Motagua y Salamá–Chixoy","Sitios secos de Bolivia, Brasil y México",25-65%,0.2500000000,0.4500000000,0.6500000000,Intervalo de sitios secos con redondeo exterior a incrementos de 0.05,Mayor déficit hídrico y recuperación generalmente más lenta.,11.2227213965,34.4159256325,22.8193235145,Ganancia,Pérdida,20.2940537065,43.4872579425,0.8435518919
19,Zacapa,1906,Usumatlán,17.1731635800,1.7277883300,15.4453752500,Municipio,REG-SEC-MOT,REG-SEC-MOT,"Valles secos interiores, Motagua y Salamá–Chixoy","Sitios secos de Bolivia, Brasil y México",25-65%,0.2500000000,0.4500000000,0.6500000000,Intervalo de sitios secos con redondeo exterior a incrementos de 0.05,Mayor déficit hídrico y recuperación generalmente más lenta.,16.0501011655,16.7412164975,16.3956588315,Pérdida,Pérdida,0.6047259155,1.2958412475,9.9393908859
19,Zacapa,1907,Cabañas,79.6194390500,165.6145039400,-85.9950648900,Municipio,REG-SEC-MOT,REG-SEC-MOT,"Valles secos interiores, Motagua y Salamá–Chixoy","Sitios secos de Bolivia, Brasil y México",25-65%,0.2500000000,0.4500000000,0.6500000000,Intervalo de sitios secos con redondeo exterior a incrementos de 0.05,Mayor déficit hídrico y recuperación generalmente más lenta.,-28.0299885110,38.2158130650,5.0929122770,Ganancia,Indeterminado,57.9650763790,124.2108779550,0.4807516078
19,Zacapa,1908,San Diego,190.4378036400,0.0000000000,190.4378036400,Municipio,REG-SEC-MOT,REG-SEC-MOT,"Valles secos interiores, Motagua y Salamá–Chixoy","Sitios secos de Bolivia, Brasil y México",25-65%,0.2500000000,0.4500000000,0.6500000000,Intervalo de sitios secos con redondeo exterior a incrementos de 0.05,Mayor déficit hídrico y recuperación generalmente más lenta.,190.4378036400,190.4378036400,190.4378036400,Pérdida,Pérdida,0.0000000000,0.0000000000,
19,Zacapa,1909,La Unión,190.9352530000,3.6308450100,187.3044079900,Municipio,REG-SEC-MOT,REG-SEC-MOT,"Valles secos interiores, Motagua y Salamá–Chixoy","Sitios secos de Bolivia, Brasil y México",25-65%,0.2500000000,0.4500000000,0.6500000000,Intervalo de sitios secos con redondeo exterior a incrementos de 0.05,Mayor déficit hídrico y recuperación generalmente más lenta.,188.5752037435,190.0275417475,189.3013727455,Pérdida,Pérdida,1.2707957535,2.7231337575,52.5870017790
19,Zacapa,1910,Huité,106.8177919000,137.2821408800,-30.4643489800,Municipio,REG-SEC-MOT,REG-SEC-MOT,"Valles secos interiores, Motagua y Salamá–Chixoy","Sitios secos de Bolivia, Brasil y México",25-65%,0.2500000000,0.4500000000,0.6500000000,Intervalo de sitios secos con redondeo exterior a incrementos de 0.05,Mayor déficit hídrico y recuperación generalmente más lenta.,17.5844003280,72.4972566800,45.0408285040,Ganancia,Pérdida,48.0487493080,102.9616056600,0.7780894967
19,Zacapa,1911,San Jorge,1.1240345900,0.0099689300,1.1140656600,Municipio,REG-SEC-MOT,REG-SEC-MOT,"Valles secos interiores, Motagua y Salamá–Chixoy","Sitios secos de Bolivia, Brasil y México",25-65%,0.2500000000,0.4500000000,0.6500000000,Intervalo de sitios secos con redondeo exterior a incrementos de 0.05,Mayor déficit hídrico y recuperación generalmente más lenta.,1.1175547855,1.1215423575,1.1195485715,Pérdida,Pérdida,0.0034891255,0.0074766975,112.7537850100
20,Chiquimula,2001,Chiquimula,1215.9342214000,18.9107429100,1197.0234784900,Municipio,REG-ORI-EST,REG-ORI-EST,Oriente de Guatemala,"El Ocote, México, y Santa Rosa, Costa Rica",33.6-84.9%,0.3360000000,0.5925000000,0.8490000000,Intervalo directo de valores publicados por sitio,Bosques tropicales estacionales del oriente de Guatemala.,1199.8790006694,1209.5802117822,1204.7296062258,Pérdida,Pérdida,2.8555221794,12.5567332922,64.2985961571
20,Chiquimula,2002,San José La Arada,323.1128568600,0.8653420100,322.2475148500,Municipio,REG-ORI-EST,REG-ORI-EST,Oriente de Guatemala,"El Ocote, México, y Santa Rosa, Costa Rica",33.6-84.9%,0.3360000000,0.5925000000,0.8490000000,Intervalo directo de valores publicados por sitio,Bosques tropicales estacionales del oriente de Guatemala.,322.3781814935,322.8221019446,322.6001417191,Pérdida,Pérdida,0.1306666435,0.5745870946,373.3932400439
20,Chiquimula,2003,San Juan la Ermita,2.3360506200,0.0000000000,2.3360506200,Municipio,REG-ORI-EST,REG-ORI-EST,Oriente de Guatemala,"El Ocote, México, y Santa Rosa, Costa Rica",33.6-84.9%,0.3360000000,0.5925000000,0.8490000000,Intervalo directo de valores publicados por sitio,Bosques tropicales estacionales del oriente de Guatemala.,2.3360506200,2.3360506200,2.3360506200,Pérdida,Pérdida,0.0000000000,0.0000000000,
20,Chiquimula,2004,Jocotán,80.5582712900,0.6917304800,79.8665408100,Municipio,REG-ORI-EST,REG-ORI-EST,Oriente de Guatemala,"El Ocote, México, y Santa Rosa, Costa Rica",33.6-84.9%,0.3360000000,0.5925000000,0.8490000000,Intervalo directo de valores publicados por sitio,Bosques tropicales estacionales del oriente de Guatemala.,79.9709921125,80.3258498487,80.1484209806,Pérdida,Pérdida,0.1044513025,0.4593090387,116.4590452773
20,Chiquimula,2005,Camotán,226.5919096800,1.4765028800,225.1154068000,Municipio,REG-ORI-EST,REG-ORI-EST,Oriente de Guatemala,"El Ocote, México, y Santa Rosa, Costa Rica",33.6-84.9%,0.3360000000,0.5925000000,0.8490000000,Intervalo directo de valores publicados por sitio,Bosques tropicales estacionales del oriente de Guatemala.,225.3383587349,226.0958047123,225.7170817236,Pérdida,Pérdida,0.2229519349,0.9803979123,153.4652676600
20,Chiquimula,2006,Olopa,1.4714022500,0.0865551400,1.3848471100,Municipio,REG-ORI-EST,REG-ORI-EST,Oriente de Guatemala,"El Ocote, México, y Santa Rosa, Costa Rica",33.6-84.9%,0.3360000000,0.5925000000,0.8490000000,Intervalo directo de valores publicados por sitio,Bosques tropicales estacionales del oriente de Guatemala.,1.3979169361,1.4423197230,1.4201183295,Pérdida,Pérdida,0.0130698261,0.0574726130,16.9995941316
20,Chiquimula,2007,Esquipulas,139.0243942200,3.5492065500,135.4751876700,Municipio,REG-ORI-EST,REG-ORI-EST,Oriente de Guatemala,"El Ocote, México, y Santa Rosa, Costa Rica",33.6-84.9%,0.3360000000,0.5925000000,0.8490000000,Intervalo directo de valores publicados por sitio,Bosques tropicales estacionales del oriente de Guatemala.,136.0111178591,137.8318608192,136.9214893391,Pérdida,Pérdida,0.5359301891,2.3566731492,39.1705560839
20,Chiquimula,2008,Concepción Las Minas,23.0430196000,53.5257999600,-30.4827803600,Municipio,REG-ORI-EST,REG-ORI-EST,Oriente de Guatemala,"El Ocote, México, y Santa Rosa, Costa Rica",33.6-84.9%,0.3360000000,0.5925000000,0.8490000000,Intervalo directo de valores publicados por sitio,Bosques tropicales estacionales del oriente de Guatemala.,-22.4003845660,5.0583508134,-8.6710168763,Ganancia,Indeterminado,8.0823957940,35.5411311734,0.4305030400
20,Chiquimula,2009,Quezaltepeque,27.0962891800,0.5194490000,26.5768401800,Municipio,REG-ORI-EST,REG-ORI-EST,Oriente de Guatemala,"El Ocote, México, y Santa Rosa, Costa Rica",33.6-84.9%,0.3360000000,0.5925000000,0.8490000000,Intervalo directo de valores publicados por sitio,Bosques tropicales estacionales del oriente de Guatemala.,26.6552769790,26.9217543160,26.7885156475,Pérdida,Pérdida,0.0784367990,0.3449141360,52.1635216932
20,Chiquimula,2010,San Jacinto,0.0865394900,0.0865381500,0.0000013400,Municipio,REG-ORI-EST,REG-ORI-EST,Oriente de Guatemala,"El Ocote, México, y Santa Rosa, Costa Rica",33.6-84.9%,0.3360000000,0.5925000000,0.8490000000,Intervalo directo de valores publicados por sitio,Bosques tropicales estacionales del oriente de Guatemala.,0.0130686006,0.0574626716,0.0352656361,Pérdida,Pérdida,0.0130672606,0.0574613316,1.0000154845
20,Chiquimula,2011,Ipala,5.4565007900,61.8513560000,-56.3948552100,Municipio,REG-ORI-EST,REG-ORI-EST,Oriente de Guatemala,"El Ocote, México, y Santa Rosa, Costa Rica",33.6-84.9%,0.3360000000,0.5925000000,0.8490000000,Intervalo directo de valores publicados por sitio,Bosques tropicales estacionales del oriente de Guatemala.,-47.0553004540,-15.3255548260,-31.1904276400,Ganancia,Ganancia,9.3395547560,41.0693003840,0.0882195823
21,Jalapa,2101,Jalapa,389.4654035500,143.3660539100,246.0993496400,Municipio,REG-ORI-EST,REG-ORI-EST,Oriente de Guatemala,"El Ocote, México, y Santa Rosa, Costa Rica",33.6-84.9%,0.3360000000,0.5925000000,0.8490000000,Intervalo directo de valores publicados por sitio,Bosques tropicales estacionales del oriente de Guatemala.,267.7476237804,341.2944094362,304.5210166083,Pérdida,Pérdida,21.6482741404,95.1950597962,2.7165803405
21,Jalapa,2102,San Pedro Pinula,251.5462359300,3.8989348500,247.6473010800,Municipio,REG-ORI-EST,REG-ORI-EST,Oriente de Guatemala,"El Ocote, México, y Santa Rosa, Costa Rica",33.6-84.9%,0.3360000000,0.5925000000,0.8490000000,Intervalo directo de valores publicados por sitio,Bosques tropicales estacionales del oriente de Guatemala.,248.2360402423,250.2361938204,249.2361170314,Pérdida,Pérdida,0.5887391623,2.5888927404,64.5166553450
21,Jalapa,2103,San Luis Jilotepeque,302.9444691500,12.5808555500,290.3636136000,Municipio,REG-ORI-EST,REG-ORI-EST,Oriente de Guatemala,"El Ocote, México, y Santa Rosa, Costa Rica",33.6-84.9%,0.3360000000,0.5925000000,0.8490000000,Intervalo directo de valores publicados por sitio,Bosques tropicales estacionales del oriente de Guatemala.,292.2633227880,298.7173016852,295.4903122366,Pérdida,Pérdida,1.8997091880,8.3536880852,24.0797987026
21,Jalapa,2104,San Manuel Chaparrón,18.5880290700,1.0109301000,17.5770989700,Municipio,REG-ORI-EST,REG-ORI-EST,Oriente de Guatemala,"El Ocote, México, y Santa Rosa, Costa Rica",33.6-84.9%,0.3360000000,0.5925000000,0.8490000000,Intervalo directo de valores publicados por sitio,Bosques tropicales estacionales del oriente de Guatemala.,17.7297494151,18.2483565564,17.9890529857,Pérdida,Pérdida,0.1526504451,0.6712575864,18.3870567015
21,Jalapa,2105,San Carlos Alzatate,10.7398781100,4.1568079600,6.5830701500,Municipio,REG-ORI-EST,REG-ORI-EST,Oriente de Guatemala,"El Ocote, México, y Santa Rosa, Costa Rica",33.6-84.9%,0.3360000000,0.5925000000,0.8490000000,Intervalo directo de valores publicados por sitio,Bosques tropicales estacionales del oriente de Guatemala.,7.2107481520,9.3431906354,8.2769693937,Pérdida,Pérdida,0.6276780020,2.7601204854,2.5836839742
21,Jalapa,2106,Monjas,9.7537771000,0.0865978600,9.6671792400,Municipio,REG-ORI-EST,REG-ORI-EST,Oriente de Guatemala,"El Ocote, México, y Santa Rosa, Costa Rica",33.6-84.9%,0.3360000000,0.5925000000,0.8490000000,Intervalo directo de valores publicados por sitio,Bosques tropicales estacionales del oriente de Guatemala.,9.6802555169,9.7246802190,9.7024678680,Pérdida,Pérdida,0.0130762769,0.0575009790,112.6330038641
21,Jalapa,2107,Mataquescuintla,180.2354735600,48.0494971700,132.1859763900,Municipio,REG-ORI-EST,REG-ORI-EST,Oriente de Guatemala,"El Ocote, México, y Santa Rosa, Costa Rica",33.6-84.9%,0.3360000000,0.5925000000,0.8490000000,Intervalo directo de valores publicados por sitio,Bosques tropicales estacionales del oriente de Guatemala.,139.4414504627,164.0908425109,151.7661464868,Pérdida,Pérdida,7.2554740727,31.9048661209,3.7510376627
22,Jutiapa,2201,Jutiapa,103.7887547100,11.0079022300,92.7808524800,Municipio,REG-ORI-EST,REG-ORI-EST,Oriente de Guatemala,"El Ocote, México, y Santa Rosa, Costa Rica",33.6-84.9%,0.3360000000,0.5925000000,0.8490000000,Intervalo directo de valores publicados por sitio,Bosques tropicales estacionales del oriente de Guatemala.,94.4430457167,100.0900995607,97.2665726387,Pérdida,Pérdida,1.6621932367,7.3092470807,9.4285679997
22,Jutiapa,2202,El Progreso,0.0000000000,0.0000000000,0.0000000000,Municipio,REG-ORI-EST,REG-ORI-EST,Oriente de Guatemala,"El Ocote, México, y Santa Rosa, Costa Rica",33.6-84.9%,0.3360000000,0.5925000000,0.8490000000,Intervalo directo de valores publicados por sitio,Bosques tropicales estacionales del oriente de Guatemala.,0.0000000000,0.0000000000,0.0000000000,Equilibrio,Indeterminado,0.0000000000,0.0000000000,
22,Jutiapa,2203,Santa Catarina Mita,22.2001544400,9.7004254000,12.4997290400,Municipio,REG-ORI-EST,REG-ORI-EST,Oriente de Guatemala,"El Ocote, México, y Santa Rosa, Costa Rica",33.6-84.9%,0.3360000000,0.5925000000,0.8490000000,Intervalo directo de valores publicados por sitio,Bosques tropicales estacionales del oriente de Guatemala.,13.9644932754,18.9408115056,16.4526523905,Pérdida,Pérdida,1.4647642354,6.4410824656,2.2885753485
22,Jutiapa,2204,Agua Blanca,44.4970645700,113.2390549100,-68.7419903400,Municipio,REG-ORI-EST,REG-ORI-EST,Oriente de Guatemala,"El Ocote, México, y Santa Rosa, Costa Rica",33.6-84.9%,0.3360000000,0.5925000000,0.8490000000,Intervalo directo de valores publicados por sitio,Bosques tropicales estacionales del oriente de Guatemala.,-51.6428930486,6.4487421202,-22.5970754642,Ganancia,Indeterminado,17.0990972914,75.1907324602,0.3929480390
22,Jutiapa,2205,Asunción Mita,33.3087381400,269.1303485500,-235.8216104100,Municipio,REG-ORI-EST,REG-ORI-EST,Oriente de Guatemala,"El Ocote, México, y Santa Rosa, Costa Rica",33.6-84.9%,0.3360000000,0.5925000000,0.8490000000,Intervalo directo de valores publicados por sitio,Bosques tropicales estacionales del oriente de Guatemala.,-195.1829277790,-57.1190589728,-126.1509933759,Ganancia,Ganancia,40.6386826310,178.7025514372,0.1237643332
22,Jutiapa,2206,Yupiltepeque,0.0000000000,0.0000000000,0.0000000000,Municipio,REG-ORI-EST,REG-ORI-EST,Oriente de Guatemala,"El Ocote, México, y Santa Rosa, Costa Rica",33.6-84.9%,0.3360000000,0.5925000000,0.8490000000,Intervalo directo de valores publicados por sitio,Bosques tropicales estacionales del oriente de Guatemala.,0.0000000000,0.0000000000,0.0000000000,Equilibrio,Indeterminado,0.0000000000,0.0000000000,
22,Jutiapa,2207,Atescatempa,0.0000000000,1.9149837200,-1.9149837200,Municipio,REG-ORI-EST,REG-ORI-EST,Oriente de Guatemala,"El Ocote, México, y Santa Rosa, Costa Rica",33.6-84.9%,0.3360000000,0.5925000000,0.8490000000,Intervalo directo de valores publicados por sitio,Bosques tropicales estacionales del oriente de Guatemala.,-1.6258211783,-0.6434345299,-1.1346278541,Ganancia,Ganancia,0.2891625417,1.2715491901,0.0000000000
22,Jutiapa,2208,Jerez,47.9646415900,8.6799854600,39.2846561300,Municipio,REG-ORI-EST,REG-ORI-EST,Oriente de Guatemala,"El Ocote, México, y Santa Rosa, Costa Rica",33.6-84.9%,0.3360000000,0.5925000000,0.8490000000,Intervalo directo de valores publicados por sitio,Bosques tropicales estacionales del oriente de Guatemala.,40.5953339345,45.0481664754,42.8217502049,Pérdida,Pérdida,1.3106778045,5.7635103454,5.5258896240
22,Jutiapa,2209,El Adelanto,0.0000000000,19.5122635900,-19.5122635900,Municipio,REG-ORI-EST,REG-ORI-EST,Oriente de Guatemala,"El Ocote, México, y Santa Rosa, Costa Rica",33.6-84.9%,0.3360000000,0.5925000000,0.8490000000,Intervalo directo de valores publicados por sitio,Bosques tropicales estacionales del oriente de Guatemala.,-16.5659117879,-6.5561205662,-11.5610161771,Ganancia,Ganancia,2.9463518021,12.9561430238,0.0000000000
22,Jutiapa,2210,Zapotitlán,3.5739366200,55.4908941600,-51.9169575400,Municipio,REG-ORI-EST,REG-ORI-EST,Oriente de Guatemala,"El Ocote, México, y Santa Rosa, Costa Rica",33.6-84.9%,0.3360000000,0.5925000000,0.8490000000,Intervalo directo de valores publicados por sitio,Bosques tropicales estacionales del oriente de Guatemala.,-43.5378325218,-15.0710038178,-29.3044181698,Ganancia,Ganancia,8.3791250182,36.8459537222,0.0644058214
22,Jutiapa,2211,Comapa,21.2676856100,161.8131060800,-140.5454204700,Municipio,REG-ORI-EST,REG-ORI-EST,Oriente de Guatemala,"El Ocote, México, y Santa Rosa, Costa Rica",33.6-84.9%,0.3360000000,0.5925000000,0.8490000000,Intervalo directo de valores publicados por sitio,Bosques tropicales estacionales del oriente de Guatemala.,-116.1116414519,-33.1015180329,-74.6065797424,Ganancia,Ganancia,24.4337790181,107.4439024371,0.1314336405
22,Jutiapa,2212,Jalpatagua,392.9120424500,222.4595400400,170.4525024100,Municipio,REG-ORI-EST,REG-ORI-EST,Oriente de Guatemala,"El Ocote, México, y Santa Rosa, Costa Rica",33.6-84.9%,0.3360000000,0.5925000000,0.8490000000,Intervalo directo de valores publicados por sitio,Bosques tropicales estacionales del oriente de Guatemala.,204.0438929560,318.1656369966,261.1047649763,Pérdida,Pérdida,33.5913905460,147.7131345866,1.7662179935
22,Jutiapa,2213,Conguaco,52.5761510900,9.0256147700,43.5505363200,Municipio,REG-ORI-EST,REG-ORI-EST,Oriente de Guatemala,"El Ocote, México, y Santa Rosa, Costa Rica",33.6-84.9%,0.3360000000,0.5925000000,0.8490000000,Intervalo directo de valores publicados por sitio,Bosques tropicales estacionales del oriente de Guatemala.,44.9134041503,49.5435445273,47.2284743388,Pérdida,Pérdida,1.3628678303,5.9930082073,5.8252155039
22,Jutiapa,2214,Moyuta,351.3364968900,184.0305041900,167.3059927000,Municipio,REG-ORI-EST,REG-ORI-EST,Oriente de Guatemala,"El Ocote, México, y Santa Rosa, Costa Rica",33.6-84.9%,0.3360000000,0.5925000000,0.8490000000,Intervalo directo de valores publicados por sitio,Bosques tropicales estacionales del oriente de Guatemala.,195.0945988327,289.5022474822,242.2984231574,Pérdida,Pérdida,27.7886061327,122.1962547822,1.9091209821
22,Jutiapa,2215,Pasaco,65.0754267900,83.6759956400,-18.6005688500,Municipio,REG-ORI-EST,REG-ORI-EST,Oriente de Guatemala,"El Ocote, México, y Santa Rosa, Costa Rica",33.6-84.9%,0.3360000000,0.5925000000,0.8490000000,Intervalo directo de valores publicados por sitio,Bosques tropicales estacionales del oriente de Guatemala.,-5.9654935084,36.9602922550,15.4973993733,Ganancia,Indeterminado,12.6350753416,55.5608611050,0.7777072300
22,Jutiapa,2216,San José Acatempa,48.9762432500,12.7543172000,36.2219260500,Municipio,REG-ORI-EST,REG-ORI-EST,Oriente de Guatemala,"El Ocote, México, y Santa Rosa, Costa Rica",33.6-84.9%,0.3360000000,0.5925000000,0.8490000000,Intervalo directo de valores publicados por sitio,Bosques tropicales estacionales del oriente de Guatemala.,38.1478279472,44.6907926708,41.4193103090,Pérdida,Pérdida,1.9259018972,8.4688666208,3.8399737502
22,Jutiapa,2217,Quesada,19.8927570200,0.0000000000,19.8927570200,Municipio,REG-ORI-EST,REG-ORI-EST,Oriente de Guatemala,"El Ocote, México, y Santa Rosa, Costa Rica",33.6-84.9%,0.3360000000,0.5925000000,0.8490000000,Intervalo directo de valores publicados por sitio,Bosques tropicales estacionales del oriente de Guatemala.,19.8927570200,19.8927570200,19.8927570200,Pérdida,Pérdida,0.0000000000,0.0000000000,
