cod_dep,depto,codigo,municipio,perdida_bruta_ha,recuperacion_bruta_ha,perdida_neta_ha,tipo_unidad,perdida_neta_calculada_ha,perdida_bruta_anual_ha,recuperacion_bruta_anual_ha,perdida_neta_anual_ha,clasificacion_perdida_neta_reportada
1,Guatemala,101,Guatemala,84.9902752100,1.4033748700,83.5869003400,Municipio,83.5869003400,21.2475688025,0.3508437175,20.8967250850,Pérdida
1,Guatemala,102,Santa Catarina Pinula,45.5107664900,27.1938369900,18.3169295000,Municipio,18.3169295000,11.3776916225,6.7984592475,4.5792323750,Pérdida
1,Guatemala,103,San José Pinula,278.3816849200,101.7166461400,176.6650387800,Municipio,176.6650387800,69.5954212300,25.4291615350,44.1662596950,Pérdida
1,Guatemala,104,San José del Golfo,0.6000495300,0.0000000000,0.6000495300,Municipio,0.6000495300,0.1500123825,0.0000000000,0.1500123825,Pérdida
1,Guatemala,105,Palencia,68.6369139400,5.7113492700,62.9255646700,Municipio,62.9255646700,17.1592284850,1.4278373175,15.7313911675,Pérdida
1,Guatemala,106,Chinautla,113.6010832600,3.2722679800,110.3288152800,Municipio,110.3288152800,28.4002708150,0.8180669950,27.5822038200,Pérdida
1,Guatemala,107,San Pedro Ayampuc,70.9001975900,1.8687868600,69.0314107300,Municipio,69.0314107300,17.7250493975,0.4671967150,17.2578526825,Pérdida
1,Guatemala,108,Mixco,108.3251418300,0.4327590300,107.8923828000,Municipio,107.8923828000,27.0812854575,0.1081897575,26.9730957000,Pérdida
1,Guatemala,109,San Pedro Sacatepéquez,13.8661153900,0.7786640800,13.0874513100,Municipio,13.0874513100,3.4665288475,0.1946660200,3.2718628275,Pérdida
1,Guatemala,110,San Juan Sacatepéquez,387.8527315500,7.3957712100,380.4569603400,Municipio,380.4569603400,96.9631828875,1.8489428025,95.1142400850,Pérdida
1,Guatemala,111,San Raymundo,247.8418389500,2.3306612100,245.5111777400,Municipio,245.5111777400,61.9604597375,0.5826653025,61.3777944350,Pérdida
1,Guatemala,112,Chuarrancho,81.2645965300,4.8814717800,76.3831247500,Municipio,76.3831247500,20.3161491325,1.2203679450,19.0957811875,Pérdida
1,Guatemala,113,Fraijanes,53.0983592700,8.7431367000,44.3552225700,Municipio,44.3552225700,13.2745898175,2.1857841750,11.0888056425,Pérdida
1,Guatemala,114,Amatitlán,34.5333116700,12.4677552200,22.0655564500,Municipio,22.0655564500,8.6333279175,3.1169388050,5.5163891125,Pérdida
1,Guatemala,115,Villa Nueva,66.2827816400,9.2634879900,57.0192936500,Municipio,57.0192936500,16.5706954100,2.3158719975,14.2548234125,Pérdida
1,Guatemala,116,Villa Canales,51.6898821100,2.4314431500,49.2584389600,Municipio,49.2584389600,12.9224705275,0.6078607875,12.3146097400,Pérdida
1,Guatemala,117,Petapa,26.2248665800,0.3463700300,25.8784965500,Municipio,25.8784965500,6.5562166450,0.0865925075,6.4696241375,Pérdida
2,El Progreso,201,Guastatoya,3.7866480300,0.0864734500,3.7001745800,Municipio,3.7001745800,0.9466620075,0.0216183625,0.9250436450,Pérdida
2,El Progreso,202,Morazán,668.3268944900,346.6459601600,321.6809343300,Municipio,321.6809343300,167.0817236225,86.6614900400,80.4202335825,Pérdida
2,El Progreso,203,San Agustín Acasaguastlán,662.6431101700,50.0359178700,612.6071923000,Municipio,612.6071923000,165.6607775425,12.5089794675,153.1517980750,Pérdida
2,El Progreso,204,San Cristóbal Acasaguastlán,141.0286413500,28.7722318600,112.2564094900,Municipio,112.2564094900,35.2571603375,7.1930579650,28.0641023725,Pérdida
2,El Progreso,205,El Jícaro,1.7213349300,0.1728842100,1.5484507200,Municipio,1.5484507200,0.4303337325,0.0432210525,0.3871126800,Pérdida
2,El Progreso,206,Sansare,2.3711103300,0.0865115900,2.2845987400,Municipio,2.2845987400,0.5927775825,0.0216278975,0.5711496850,Pérdida
2,El Progreso,207,Sanarate,52.5097719300,1.8023243800,50.7074475500,Municipio,50.7074475500,13.1274429825,0.4505810950,12.6768618875,Pérdida
2,El Progreso,208,San Antonio La Paz,5.1037416700,1.7436921100,3.3600495600,Municipio,3.3600495600,1.2759354175,0.4359230275,0.8400123900,Pérdida
3,Sacatepéquez,301,Antigua Guatemala,10.2359671300,48.7371009900,-38.5011338600,Municipio,-38.5011338600,2.5589917825,12.1842752475,-9.6252834650,Ganancia
3,Sacatepéquez,302,Jocotenango,14.8829159000,0.0000000000,14.8829159000,Municipio,14.8829159000,3.7207289750,0.0000000000,3.7207289750,Pérdida
3,Sacatepéquez,303,Pastores,92.4991978800,1.3848932900,91.1143045900,Municipio,91.1143045900,23.1247994700,0.3462233225,22.7785761475,Pérdida
3,Sacatepéquez,304,Sumpango,75.7766904600,0.1730170200,75.6036734400,Municipio,75.6036734400,18.9441726150,0.0432542550,18.9009183600,Pérdida
3,Sacatepéquez,305,Santo Domingo Xenacoj,58.4497435900,0.1730484200,58.2766951700,Municipio,58.2766951700,14.6124358975,0.0432621050,14.5691737925,Pérdida
3,Sacatepéquez,306,Santiago Sacatepéquez,78.2067543600,0.0000000000,78.2067543600,Municipio,78.2067543600,19.5516885900,0.0000000000,19.5516885900,Pérdida
3,Sacatepéquez,307,San Bartolomé Milpas Altas,0.9258547400,0.0865460500,0.8393086900,Municipio,0.8393086900,0.2314636850,0.0216365125,0.2098271725,Pérdida
3,Sacatepéquez,308,San Lucas Sacatepéquez,31.2252650600,0.0000000000,31.2252650600,Municipio,31.2252650600,7.8063162650,0.0000000000,7.8063162650,Pérdida
3,Sacatepéquez,309,Santa Lucía Milpas Altas,3.6619086000,0.0000000000,3.6619086000,Municipio,3.6619086000,0.9154771500,0.0000000000,0.9154771500,Pérdida
3,Sacatepéquez,310,Magdalena Milpas Altas,9.7828063200,5.4571704100,4.3256359100,Municipio,4.3256359100,2.4457015800,1.3642926025,1.0814089775,Pérdida
3,Sacatepéquez,311,Santa María de Jesús,28.2830451100,30.4740045500,-2.1909594400,Municipio,-2.1909594400,7.0707612775,7.6185011375,-0.5477398600,Ganancia
3,Sacatepéquez,312,Ciudad Vieja,12.8273029400,0.0000000000,12.8273029400,Municipio,12.8273029400,3.2068257350,0.0000000000,3.2068257350,Pérdida
3,Sacatepéquez,313,San Miguel Dueñas,16.4485026300,0.1731786700,16.2753239600,Municipio,16.2753239600,4.1121256575,0.0432946675,4.0688309900,Pérdida
3,Sacatepéquez,314,Alotenango,61.1338522600,1.2085310700,59.9253211900,Municipio,59.9253211900,15.2834630650,0.3021327675,14.9813302975,Pérdida
3,Sacatepéquez,315,San Antonio Aguas Calientes,0.0000000000,0.0000000000,0.0000000000,Municipio,0.0000000000,0.0000000000,0.0000000000,0.0000000000,Equilibrio
3,Sacatepéquez,316,Santa Catarina Barahona,2.2726021200,0.1731303000,2.0994718200,Municipio,2.0994718200,0.5681505300,0.0432825750,0.5248679550,Pérdida
4,Chimaltenango,401,Chimaltenango,70.3238817700,1.2299508300,69.0939309400,Municipio,69.0939309400,17.5809704425,0.3074877075,17.2734827350,Pérdida
4,Chimaltenango,402,San José Poaquil,95.9990703800,2.0262966700,93.9727737100,Municipio,93.9727737100,23.9997675950,0.5065741675,23.4931934275,Pérdida
4,Chimaltenango,403,San Martín Jilotepeque,2376.4454345500,13.4644113900,2362.9810231600,Municipio,2362.9810231600,594.1113586375,3.3661028475,590.7452557900,Pérdida
4,Chimaltenango,404,Comalapa,102.1366062100,1.3838821200,100.7527240900,Municipio,100.7527240900,25.5341515525,0.3459705300,25.1881810225,Pérdida
4,Chimaltenango,405,Santa Apolonia,139.0920619700,0.0864687500,139.0055932200,Municipio,139.0055932200,34.7730154925,0.0216171875,34.7513983050,Pérdida
4,Chimaltenango,406,Tecpán Guatemala,387.3975805100,3.7182183100,383.6793622000,Municipio,383.6793622000,96.8493951275,0.9295545775,95.9198405500,Pérdida
4,Chimaltenango,407,Patzún,646.7943010700,0.9519303600,645.8423707100,Municipio,645.8423707100,161.6985752675,0.2379825900,161.4605926775,Pérdida
4,Chimaltenango,408,Pochuta,54.8250238000,142.8851521300,-88.0601283300,Municipio,-88.0601283300,13.7062559500,35.7212880325,-22.0150320825,Ganancia
4,Chimaltenango,409,Patzicía,59.0337953100,57.6561853300,1.3776099800,Municipio,1.3776099800,14.7584488275,14.4140463325,0.3444024950,Pérdida
4,Chimaltenango,410,Santa Cruz Balanyá,7.2967120300,0.0000000000,7.2967120300,Municipio,7.2967120300,1.8241780075,0.0000000000,1.8241780075,Pérdida
4,Chimaltenango,411,Acatenango,37.7131013700,123.6121203500,-85.8990189800,Municipio,-85.8990189800,9.4282753425,30.9030300875,-21.4747547450,Ganancia
4,Chimaltenango,412,Yepocapa,145.7370868400,854.3540643200,-708.6169774800,Municipio,-708.6169774800,36.4342717100,213.5885160800,-177.1542443700,Ganancia
4,Chimaltenango,413,San Andrés Itzapa,195.4233695100,217.1796852500,-21.7563157400,Municipio,-21.7563157400,48.8558423775,54.2949213125,-5.4390789350,Ganancia
4,Chimaltenango,414,Parramos,25.0806163200,0.0000000000,25.0806163200,Municipio,25.0806163200,6.2701540800,0.0000000000,6.2701540800,Pérdida
4,Chimaltenango,415,Zaragoza,69.6013226600,0.0000000000,69.6013226600,Municipio,69.6013226600,17.4003306650,0.0000000000,17.4003306650,Pérdida
4,Chimaltenango,416,El Tejar,50.6055730200,0.0000000000,50.6055730200,Municipio,50.6055730200,12.6513932550,0.0000000000,12.6513932550,Pérdida
5,Escuintla,501,Escuintla,2408.1741619400,7.3018602500,2400.8723016900,Municipio,2400.8723016900,602.0435404850,1.8254650625,600.2180754225,Pérdida
5,Escuintla,502,Santa Lucia Cotzulmalguapa,580.9621108100,307.5081228100,273.4539880000,Municipio,273.4539880000,145.2405277025,76.8770307025,68.3634970000,Pérdida
5,Escuintla,503,La Democracia,75.8541547600,13.7726750400,62.0814797200,Municipio,62.0814797200,18.9635386900,3.4431687600,15.5203699300,Pérdida
5,Escuintla,504,Siquinalá,629.5501142700,146.2670912000,483.2830230700,Municipio,483.2830230700,157.3875285675,36.5667728000,120.8207557675,Pérdida
5,Escuintla,505,Masagua,108.7756767800,276.1844012300,-167.4087244500,Municipio,-167.4087244500,27.1939191950,69.0461003075,-41.8521811125,Ganancia
5,Escuintla,506,Tiquisate,209.3021312000,226.8086237800,-17.5064925800,Municipio,-17.5064925800,52.3255328000,56.7021559450,-4.3766231450,Ganancia
5,Escuintla,507,La Gomera,55.1958635200,79.9825030200,-24.7866395000,Municipio,-24.7866395000,13.7989658800,19.9956257550,-6.1966598750,Ganancia
5,Escuintla,508,Guanagazapa,117.4261655800,122.9175068500,-5.4913412700,Municipio,-5.4913412700,29.3565413950,30.7293767125,-1.3728353175,Ganancia
5,Escuintla,509,San José,256.1328370800,421.1146116300,-164.9817745500,Municipio,-164.9817745500,64.0332092700,105.2786529075,-41.2454436375,Ganancia
5,Escuintla,510,Iztapa,122.5761984000,122.0908356900,0.4853627100,Municipio,0.4853627100,30.6440496000,30.5227089225,0.1213406775,Pérdida
5,Escuintla,511,Palín,44.9921156500,0.0000000000,44.9921156500,Municipio,44.9921156500,11.2480289125,0.0000000000,11.2480289125,Pérdida
5,Escuintla,512,San Vicente Pacaya,129.4068359500,1.2998668000,128.1069691500,Municipio,128.1069691500,32.3517089875,0.3249667000,32.0267422875,Pérdida
5,Escuintla,513,Nueva Concepción,197.3482140100,133.0454813300,64.3027326800,Municipio,64.3027326800,49.3370535025,33.2613703325,16.0756831700,Pérdida
5,Escuintla,514,Sipacate,747.0403161900,133.5192672300,613.5210489600,Municipio,613.5210489600,186.7600790475,33.3798168075,153.3802622400,Pérdida
6,Santa Rosa,601,Cuilapa,37.3235235400,21.6363608100,15.6871627300,Municipio,15.6871627300,9.3308808850,5.4090902025,3.9217906825,Pérdida
6,Santa Rosa,602,Barberena,225.6156078100,38.0385724400,187.5770353700,Municipio,187.5770353700,56.4039019525,9.5096431100,46.8942588425,Pérdida
6,Santa Rosa,603,Santa Rosa de Lima,38.9457423900,2.2516392400,36.6941031500,Municipio,36.6941031500,9.7364355975,0.5629098100,9.1735257875,Pérdida
6,Santa Rosa,604,Casillas,94.2631862300,22.6957084500,71.5674777800,Municipio,71.5674777800,23.5657965575,5.6739271125,17.8918694450,Pérdida
6,Santa Rosa,605,San Rafael Las Flores,2.5154777600,2.3383157800,0.1771619800,Municipio,0.1771619800,0.6288694400,0.5845789450,0.0442904950,Pérdida
6,Santa Rosa,606,Oratorio,255.9001529200,145.1905072300,110.7096456900,Municipio,110.7096456900,63.9750382300,36.2976268075,27.6774114225,Pérdida
6,Santa Rosa,607,San Juan Tecuaco,53.0078365600,0.3470280200,52.6608085400,Municipio,52.6608085400,13.2519591400,0.0867570050,13.1652021350,Pérdida
6,Santa Rosa,608,Chiquimulilla,612.4753194900,764.3082825200,-151.8329630300,Municipio,-151.8329630300,153.1188298725,191.0770706300,-37.9582407575,Ganancia
6,Santa Rosa,609,Taxisco,336.3816820800,740.2429562100,-403.8612741300,Municipio,-403.8612741300,84.0954205200,185.0607390525,-100.9653185325,Ganancia
6,Santa Rosa,610,Santa María Ixhuatán,69.0022304400,28.6197255200,40.3825049200,Municipio,40.3825049200,17.2505576100,7.1549313800,10.0956262300,Pérdida
6,Santa Rosa,611,Guazacapán,49.2144204400,119.3865999100,-70.1721794700,Municipio,-70.1721794700,12.3036051100,29.8466499775,-17.5430448675,Ganancia
6,Santa Rosa,612,Santa Cruz Naranjo,4.5918903700,0.4253503500,4.1665400200,Municipio,4.1665400200,1.1479725925,0.1063375875,1.0416350050,Pérdida
6,Santa Rosa,613,Pueblo Nuevo Viñas,120.3226060100,3.9370405800,116.3855654300,Municipio,116.3855654300,30.0806515025,0.9842601450,29.0963913575,Pérdida
6,Santa Rosa,614,Nueva Santa Rosa,3.9850300700,0.7795062400,3.2055238300,Municipio,3.2055238300,0.9962575175,0.1948765600,0.8013809575,Pérdida
7,Sololá,701,Sololá,10.1321868200,0.0000000000,10.1321868200,Municipio,10.1321868200,2.5330467050,0.0000000000,2.5330467050,Pérdida
7,Sololá,702,San José Chacayá,4.7382438100,0.0000000000,4.7382438100,Municipio,4.7382438100,1.1845609525,0.0000000000,1.1845609525,Pérdida
7,Sololá,703,Santa María Visitación,0.0000000000,0.0000000000,0.0000000000,Municipio,0.0000000000,0.0000000000,0.0000000000,0.0000000000,Equilibrio
7,Sololá,704,Santa Lucía Utatlán,11.6975280900,0.0000000000,11.6975280900,Municipio,11.6975280900,2.9243820225,0.0000000000,2.9243820225,Pérdida
7,Sololá,705,Nahualá,20.7927290900,0.0250714300,20.7676576600,Municipio,20.7676576600,5.1981822725,0.0062678575,5.1919144150,Pérdida
7,Sololá,706,Santa Catarina Ixtahuacán,5.8823219200,0.3460763500,5.5362455700,Municipio,5.5362455700,1.4705804800,0.0865190875,1.3840613925,Pérdida
7,Sololá,707,Santa Clara La Laguna,25.9488192300,0.0000000000,25.9488192300,Municipio,25.9488192300,6.4872048075,0.0000000000,6.4872048075,Pérdida
7,Sololá,708,Concepción,7.3515610100,0.2594614200,7.0920995900,Municipio,7.0920995900,1.8378902525,0.0648653550,1.7730248975,Pérdida
7,Sololá,709,San Andrés Semetabaj,41.6720508300,0.8650685300,40.8069823000,Municipio,40.8069823000,10.4180127075,0.2162671325,10.2017455750,Pérdida
7,Sololá,710,Panajachel,1.6435100600,0.5190036800,1.1245063800,Municipio,1.1245063800,0.4108775150,0.1297509200,0.2811265950,Pérdida
7,Sololá,711,Santa Catarina Palopó,2.0764083800,2.3259691200,-0.2495607400,Municipio,-0.2495607400,0.5191020950,0.5814922800,-0.0623901850,Ganancia
7,Sololá,712,San Antonio Palopó,31.8388926800,2.1839877100,29.6549049700,Municipio,29.6549049700,7.9597231700,0.5459969275,7.4137262425,Pérdida
7,Sololá,713,San Lucas Tolimán,82.0928920000,13.0910544400,69.0018375600,Municipio,69.0018375600,20.5232230000,3.2727636100,17.2504593900,Pérdida
7,Sololá,714,Santa Cruz La Laguna,1.5571333100,1.5572026800,-0.0000693700,Municipio,-0.0000693700,0.3892833275,0.3893006700,-0.0000173425,Ganancia
7,Sololá,715,San Pablo La Laguna,0.4325579900,0.0000000000,0.4325579900,Municipio,0.4325579900,0.1081394975,0.0000000000,0.1081394975,Pérdida
7,Sololá,716,San Marcos La Laguna,4.1528194300,0.5096079600,3.6432114700,Municipio,3.6432114700,1.0382048575,0.1274019900,0.9108028675,Pérdida
7,Sololá,717,San Juan La Laguna,60.5000411900,60.4929743900,0.0070668000,Municipio,0.0070668000,15.1250102975,15.1232435975,0.0017667000,Pérdida
7,Sololá,718,San Pedro La Laguna,64.3629900500,0.1730877800,64.1899022700,Municipio,64.1899022700,16.0907475125,0.0432719450,16.0474755675,Pérdida
7,Sololá,719,Santiago Atitlán,81.5828825900,263.5106707900,-181.9277882000,Municipio,-181.9277882000,20.3957206475,65.8776676975,-45.4819470500,Ganancia
8,Totonicapán,801,Totonicapán,31.2930705800,1.1851039500,30.1079666300,Municipio,30.1079666300,7.8232676450,0.2962759875,7.5269916575,Pérdida
8,Totonicapán,802,San Cristóbal Totonicapán,0.1728973400,0.0000000000,0.1728973400,Municipio,0.1728973400,0.0432243350,0.0000000000,0.0432243350,Pérdida
8,Totonicapán,803,San Francisco El Alto,2.3337311600,0.0000000000,2.3337311600,Municipio,2.3337311600,0.5834327900,0.0000000000,0.5834327900,Pérdida
8,Totonicapán,804,San Andrés Xecul,0.0000000000,0.0000000000,0.0000000000,Municipio,0.0000000000,0.0000000000,0.0000000000,0.0000000000,Equilibrio
8,Totonicapán,805,Momostenango,146.4840256300,3.8711642700,142.6128613600,Municipio,142.6128613600,36.6210064075,0.9677910675,35.6532153400,Pérdida
8,Totonicapán,806,Santa María Chiquimula,248.2838891900,0.4321370200,247.8517521700,Municipio,247.8517521700,62.0709722975,0.1080342550,61.9629380425,Pérdida
8,Totonicapán,807,Santa Lucía La Reforma,6.6024015400,1.2472960100,5.3551055300,Municipio,5.3551055300,1.6506003850,0.3118240025,1.3387763825,Pérdida
8,Totonicapán,808,San Bartolo Aguas Calientes,22.6093380200,0.2591157600,22.3502222600,Municipio,22.3502222600,5.6523345050,0.0647789400,5.5875555650,Pérdida
9,Quetzaltenango,901,Quetzaltenango,40.3240801900,0.0864970700,40.2375831200,Municipio,40.2375831200,10.0810200475,0.0216242675,10.0593957800,Pérdida
9,Quetzaltenango,902,Salcajá,0.0000000000,0.0000000000,0.0000000000,Municipio,0.0000000000,0.0000000000,0.0000000000,0.0000000000,Equilibrio
9,Quetzaltenango,903,Olintepeque,0.0636847100,0.0000000000,0.0636847100,Municipio,0.0636847100,0.0159211775,0.0000000000,0.0159211775,Pérdida
9,Quetzaltenango,904,San Carlos Sija,83.0576437300,0.3455469600,82.7120967700,Municipio,82.7120967700,20.7644109325,0.0863867400,20.6780241925,Pérdida
9,Quetzaltenango,905,Sibilia,0.0000000000,0.0000000000,0.0000000000,Municipio,0.0000000000,0.0000000000,0.0000000000,0.0000000000,Equilibrio
9,Quetzaltenango,906,Cabricán,3.8009408000,2.8488720400,0.9520687600,Municipio,0.9520687600,0.9502352000,0.7122180100,0.2380171900,Pérdida
9,Quetzaltenango,907,Cajolá,1.7291063700,0.0000000000,1.7291063700,Municipio,1.7291063700,0.4322765925,0.0000000000,0.4322765925,Pérdida
9,Quetzaltenango,908,San Miguel Sigüila,0.0000000000,0.0000000000,0.0000000000,Municipio,0.0000000000,0.0000000000,0.0000000000,0.0000000000,Equilibrio
9,Quetzaltenango,909,San Juan Ostuncalco,0.6054132600,4.1680520700,-3.5626388100,Municipio,-3.5626388100,0.1513533150,1.0420130175,-0.8906597025,Ganancia
9,Quetzaltenango,910,San Mateo,0.0000000000,0.2594779600,-0.2594779600,Municipio,-0.2594779600,0.0000000000,0.0648694900,-0.0648694900,Ganancia
9,Quetzaltenango,911,Concepción Chiquirichapa,0.1729835500,0.1024548600,0.0705286900,Municipio,0.0705286900,0.0432458875,0.0256137150,0.0176321725,Pérdida
9,Quetzaltenango,912,San Martín Sacatepéquez,9.2569197100,226.4587761100,-217.2018564000,Municipio,-217.2018564000,2.3142299275,56.6146940275,-54.3004641000,Ganancia
9,Quetzaltenango,913,Almolonga,12.3835926800,0.0000000000,12.3835926800,Municipio,12.3835926800,3.0958981700,0.0000000000,3.0958981700,Pérdida
9,Quetzaltenango,914,Cantel,1.6140162900,0.0000000000,1.6140162900,Municipio,1.6140162900,0.4035040725,0.0000000000,0.4035040725,Pérdida
9,Quetzaltenango,915,Huitán,0.0000000000,0.0000000000,0.0000000000,Municipio,0.0000000000,0.0000000000,0.0000000000,0.0000000000,Equilibrio
9,Quetzaltenango,916,Zunil,20.5044877700,0.2595845400,20.2449032300,Municipio,20.2449032300,5.1261219425,0.0648961350,5.0612258075,Pérdida
9,Quetzaltenango,917,Colomba,566.1943068900,135.1071750800,431.0871318100,Municipio,431.0871318100,141.5485767225,33.7767937700,107.7717829525,Pérdida
9,Quetzaltenango,918,San Francisco La Unión,0.2821578200,0.0000000000,0.2821578200,Municipio,0.2821578200,0.0705394550,0.0000000000,0.0705394550,Pérdida
9,Quetzaltenango,919,El Palmar,231.4591209900,2.3372815000,229.1218394900,Municipio,229.1218394900,57.8647802475,0.5843203750,57.2804598725,Pérdida
9,Quetzaltenango,920,Coatepeque,484.5075540500,1439.3773404400,-954.8697863900,Municipio,-954.8697863900,121.1268885125,359.8443351100,-238.7174465975,Ganancia
9,Quetzaltenango,921,Génova,274.7004740800,505.4491579900,-230.7486839100,Municipio,-230.7486839100,68.6751185200,126.3622894975,-57.6871709775,Ganancia
9,Quetzaltenango,922,Flores Costa Cuca,153.1426829900,150.2949785500,2.8477044400,Municipio,2.8477044400,38.2856707475,37.5737446375,0.7119261100,Pérdida
9,Quetzaltenango,923,La Esperanza,0.1729417300,0.0000000000,0.1729417300,Municipio,0.1729417300,0.0432354325,0.0000000000,0.0432354325,Pérdida
9,Quetzaltenango,924,Palestina de los Altos,0.0000000000,0.0000000000,0.0000000000,Municipio,0.0000000000,0.0000000000,0.0000000000,0.0000000000,Equilibrio
10,Suchitepéquez,1001,Mazatenango,241.2400374000,194.2572303500,46.9828070500,Municipio,46.9828070500,60.3100093500,48.5643075875,11.7457017625,Pérdida
10,Suchitepéquez,1002,Cuyotenango,188.7783153900,412.8861227300,-224.1078073400,Municipio,-224.1078073400,47.1945788475,103.2215306825,-56.0269518350,Ganancia
10,Suchitepéquez,1003,San Francisco Zapotitlán,36.6690078400,120.5542058700,-83.8851980300,Municipio,-83.8851980300,9.1672519600,30.1385514675,-20.9712995075,Ganancia
10,Suchitepéquez,1004,San Bernardino,19.7741502600,88.1529864000,-68.3788361400,Municipio,-68.3788361400,4.9435375650,22.0382466000,-17.0947090350,Ganancia
10,Suchitepéquez,1005,San José El Ídolo,190.8729451400,955.7824368400,-764.9094917000,Municipio,-764.9094917000,47.7182362850,238.9456092100,-191.2273729250,Ganancia
10,Suchitepéquez,1006,Santo Domingo Suchitepéquez,136.4899904100,898.5997205000,-762.1097300900,Municipio,-762.1097300900,34.1224976025,224.6499301250,-190.5274325225,Ganancia
10,Suchitepéquez,1007,San Lorenzo,126.7226227900,839.0529908000,-712.3303680100,Municipio,-712.3303680100,31.6806556975,209.7632477000,-178.0825920025,Ganancia
10,Suchitepéquez,1008,Samayac,35.5806790400,377.7136253800,-342.1329463400,Municipio,-342.1329463400,8.8951697600,94.4284063450,-85.5332365850,Ganancia
10,Suchitepéquez,1009,San Pablo Jocopila,0.0000000000,3.0976796800,-3.0976796800,Municipio,-3.0976796800,0.0000000000,0.7744199200,-0.7744199200,Ganancia
10,Suchitepéquez,1010,San Antonio Suchitepéquez,113.6091682700,346.9771191100,-233.3679508400,Municipio,-233.3679508400,28.4022920675,86.7442797775,-58.3419877100,Ganancia
10,Suchitepéquez,1011,San Miguel Panán,36.4066988100,201.3336007600,-164.9269019500,Municipio,-164.9269019500,9.1016747025,50.3334001900,-41.2317254875,Ganancia
10,Suchitepéquez,1012,San Gabriel,12.4321572400,9.7008784600,2.7312787800,Municipio,2.7312787800,3.1080393100,2.4252196150,0.6828196950,Pérdida
10,Suchitepéquez,1013,Chicacao,268.4469035600,2458.0701950800,-2189.6232915200,Municipio,-2189.6232915200,67.1117258900,614.5175487700,-547.4058228800,Ganancia
10,Suchitepéquez,1014,Patulul,308.3218701000,617.7374177200,-309.4155476200,Municipio,-309.4155476200,77.0804675250,154.4343544300,-77.3538869050,Ganancia
10,Suchitepéquez,1015,Santa Bárbara,277.9677470200,1485.2253303800,-1207.2575833600,Municipio,-1207.2575833600,69.4919367550,371.3063325950,-301.8143958400,Ganancia
10,Suchitepéquez,1016,San Juan Bautista,52.5359697200,466.6875886700,-414.1516189500,Municipio,-414.1516189500,13.1339924300,116.6718971675,-103.5379047375,Ganancia
10,Suchitepéquez,1017,Santo Tomas La Unión,0.6059642600,0.0000000000,0.6059642600,Municipio,0.6059642600,0.1514910650,0.0000000000,0.1514910650,Pérdida
10,Suchitepéquez,1018,Zunilito,0.0000000000,0.0000000000,0.0000000000,Municipio,0.0000000000,0.0000000000,0.0000000000,0.0000000000,Equilibrio
10,Suchitepéquez,1019,Pueblo Nuevo,18.0290590700,0.0000000000,18.0290590700,Municipio,18.0290590700,4.5072647675,0.0000000000,4.5072647675,Pérdida
10,Suchitepéquez,1020,Río Bravo,365.2839713200,187.6637144500,177.6202568700,Municipio,177.6202568700,91.3209928300,46.9159286125,44.4050642175,Pérdida
10,Suchitepéquez,1021,La Máquina,30.0830834700,412.8064195700,-382.7233361000,Municipio,-382.7233361000,7.5207708675,103.2016048925,-95.6808340250,Ganancia
11,Retalhuleu,1101,Retalhuleu,976.9842781300,2092.0490755200,-1115.0647973900,Municipio,-1115.0647973900,244.2460695325,523.0122688800,-278.7661993475,Ganancia
11,Retalhuleu,1102,San Sebastián,21.8950861900,162.9774359100,-141.0823497200,Municipio,-141.0823497200,5.4737715475,40.7443589775,-35.2705874300,Ganancia
11,Retalhuleu,1103,Santa Cruz Muluá,264.6805660900,588.3767677500,-323.6962016600,Municipio,-323.6962016600,66.1701415225,147.0941919375,-80.9240504150,Ganancia
11,Retalhuleu,1104,San Martín Zapotitlán,30.3970884000,0.0000000000,30.3970884000,Municipio,30.3970884000,7.5992721000,0.0000000000,7.5992721000,Pérdida
11,Retalhuleu,1105,San Felipe Retalhuleu,68.6044174200,31.1237178200,37.4806996000,Municipio,37.4806996000,17.1511043550,7.7809294550,9.3701749000,Pérdida
11,Retalhuleu,1106,San Andrés Villa Seca,793.8298810500,1072.2269761000,-278.3970950500,Municipio,-278.3970950500,198.4574702625,268.0567440250,-69.5992737625,Ganancia
11,Retalhuleu,1107,Champerico,403.4097824100,1010.8792308500,-607.4694484400,Municipio,-607.4694484400,100.8524456025,252.7198077125,-151.8673621100,Ganancia
11,Retalhuleu,1108,Nuevo San Carlos,124.6958713500,339.7133156400,-215.0174442900,Municipio,-215.0174442900,31.1739678375,84.9283289100,-53.7543610725,Ganancia
11,Retalhuleu,1109,El Asintal,144.0838790200,454.1473725200,-310.0634935000,Municipio,-310.0634935000,36.0209697550,113.5368431300,-77.5158733750,Ganancia
12,San Marcos,1201,San Marcos,13.2905804500,8.0387083500,5.2518721000,Municipio,5.2518721000,3.3226451125,2.0096770875,1.3129680250,Pérdida
12,San Marcos,1202,San Pedro Sacatepéquez,24.7474658300,16.0826515200,8.6648143100,Municipio,8.6648143100,6.1868664575,4.0206628800,2.1662035775,Pérdida
12,San Marcos,1203,San Antonio Sacatepéquez,11.8433651200,0.1728735700,11.6704915500,Municipio,11.6704915500,2.9608412800,0.0432183925,2.9176228875,Pérdida
12,San Marcos,1204,Comitancillo,3.2821704800,0.2636593200,3.0185111600,Municipio,3.0185111600,0.8205426200,0.0659148300,0.7546277900,Pérdida
12,San Marcos,1205,San Miguel Ixtahuacán,35.2155343200,1.8127485300,33.4027857900,Municipio,33.4027857900,8.8038835800,0.4531871325,8.3506964475,Pérdida
12,San Marcos,1206,Concepción Tutuapa,24.0606156800,1.6400241100,22.4205915700,Municipio,22.4205915700,6.0151539200,0.4100060275,5.6051478925,Pérdida
12,San Marcos,1207,Tacaná,99.1622625800,184.2144885400,-85.0522259600,Municipio,-85.0522259600,24.7905656450,46.0536221350,-21.2630564900,Ganancia
12,San Marcos,1208,Sibinal,10.9983705900,35.1090559600,-24.1106853700,Municipio,-24.1106853700,2.7495926475,8.7772639900,-6.0276713425,Ganancia
12,San Marcos,1209,Tajumulco,25.8161226500,10.7798844400,15.0362382100,Municipio,15.0362382100,6.4540306625,2.6949711100,3.7590595525,Pérdida
12,San Marcos,1210,Tejutla,3.1095869000,0.3454567900,2.7641301100,Municipio,2.7641301100,0.7773967250,0.0863641975,0.6910325275,Pérdida
12,San Marcos,1211,San Rafael Pie de la Cuesta,0.0000000000,0.0000000000,0.0000000000,Municipio,0.0000000000,0.0000000000,0.0000000000,0.0000000000,Equilibrio
12,San Marcos,1212,Nuevo Progreso,107.3661746800,517.3963642600,-410.0301895800,Municipio,-410.0301895800,26.8415436700,129.3490910650,-102.5075473950,Ganancia
12,San Marcos,1213,El Tumbador,117.7528046900,276.6380071800,-158.8852024900,Municipio,-158.8852024900,29.4382011725,69.1595017950,-39.7213006225,Ganancia
12,San Marcos,1214,El Rodeo,8.5659372700,50.7291197700,-42.1631825000,Municipio,-42.1631825000,2.1414843175,12.6822799425,-10.5407956250,Ganancia
12,San Marcos,1215,Malacatán,93.8634923100,1039.6022659700,-945.7387736600,Municipio,-945.7387736600,23.4658730775,259.9005664925,-236.4346934150,Ganancia
12,San Marcos,1216,Catarina,53.8228048700,273.2671472100,-219.4443423400,Municipio,-219.4443423400,13.4557012175,68.3167868025,-54.8610855850,Ganancia
12,San Marcos,1217,Ayutla,45.8048868300,15.0318768200,30.7730100100,Municipio,30.7730100100,11.4512217075,3.7579692050,7.6932525025,Pérdida
12,San Marcos,1218,Ocós,26.6230889600,64.0512311800,-37.4281422200,Municipio,-37.4281422200,6.6557722400,16.0128077950,-9.3570355550,Ganancia
12,San Marcos,1219,San Pablo,42.1756427800,409.3754008200,-367.1997580400,Municipio,-367.1997580400,10.5439106950,102.3438502050,-91.7999395100,Ganancia
12,San Marcos,1220,El Quetzal,9.9563145100,45.3644553200,-35.4081408100,Municipio,-35.4081408100,2.4890786275,11.3411138300,-8.8520352025,Ganancia
12,San Marcos,1221,La Reforma,6.0560140400,27.0287839800,-20.9727699400,Municipio,-20.9727699400,1.5140035100,6.7571959950,-5.2431924850,Ganancia
12,San Marcos,1222,Pajapita,589.6688456800,1006.9198436600,-417.2509979800,Municipio,-417.2509979800,147.4172114200,251.7299609150,-104.3127494950,Ganancia
12,San Marcos,1223,Ixchiguán,5.3811186800,15.8221604800,-10.4410418000,Municipio,-10.4410418000,1.3452796700,3.9555401200,-2.6102604500,Ganancia
12,San Marcos,1224,San José Ojetenam,9.0672977400,3.9722622400,5.0950355000,Municipio,5.0950355000,2.2668244350,0.9930655600,1.2737588750,Pérdida
12,San Marcos,1225,San Cristóbal Cucho,0.0000000000,0.0000000000,0.0000000000,Municipio,0.0000000000,0.0000000000,0.0000000000,0.0000000000,Equilibrio
12,San Marcos,1226,Sipacapa,16.0610244000,14.4171878300,1.6438365700,Municipio,1.6438365700,4.0152561000,3.6042969575,0.4109591425,Pérdida
12,San Marcos,1227,Esquipulas Palo Gordo,2.7669876300,3.8912347800,-1.1242471500,Municipio,-1.1242471500,0.6917469075,0.9728086950,-0.2810617875,Ganancia
12,San Marcos,1228,Río Blanco,0.4320931600,0.1728074300,0.2592857300,Municipio,0.2592857300,0.1080232900,0.0432018575,0.0648214325,Pérdida
12,San Marcos,1229,San Lorenzo,38.2513062400,0.0000000000,38.2513062400,Municipio,38.2513062400,9.5628265600,0.0000000000,9.5628265600,Pérdida
12,San Marcos,1230,La Blanca,105.5209006700,133.5401244200,-28.0192237500,Municipio,-28.0192237500,26.3802251675,33.3850311050,-7.0048059375,Ganancia
13,Huehuetenango,1301,Huehuetenango,15.6197633700,0.0852433600,15.5345200100,Municipio,15.5345200100,3.9049408425,0.0213108400,3.8836300025,Pérdida
13,Huehuetenango,1302,Chiantla,85.1162736200,66.4959446500,18.6203289700,Municipio,18.6203289700,21.2790684050,16.6239861625,4.6550822425,Pérdida
13,Huehuetenango,1303,Malacatancito,47.4291715400,2.3001671300,45.1290044100,Municipio,45.1290044100,11.8572928850,0.5750417825,11.2822511025,Pérdida
13,Huehuetenango,1304,Cuilco,120.1219288700,29.6769555700,90.4449733000,Municipio,90.4449733000,30.0304822175,7.4192388925,22.6112433250,Pérdida
13,Huehuetenango,1305,Nentón,510.2892541800,181.9027562400,328.3864979400,Municipio,328.3864979400,127.5723135450,45.4756890600,82.0966244850,Pérdida
13,Huehuetenango,1306,San Pedro Nécta,12.7609459800,17.6774096800,-4.9164637000,Municipio,-4.9164637000,3.1902364950,4.4193524200,-1.2291159250,Ganancia
13,Huehuetenango,1307,Jacaltenango,79.0605150100,1.3754714700,77.6850435400,Municipio,77.6850435400,19.7651287525,0.3438678675,19.4212608850,Pérdida
13,Huehuetenango,1308,San Pedro Soloma,242.6241851600,161.1453916100,81.4787935500,Municipio,81.4787935500,60.6560462900,40.2863479025,20.3696983875,Pérdida
13,Huehuetenango,1309,San Idelfonso Ixtahuacán,5.3490652900,1.0354024700,4.3136628200,Municipio,4.3136628200,1.3372663225,0.2588506175,1.0784157050,Pérdida
13,Huehuetenango,1310,Santa Bárbara,7.2697907100,0.4314411600,6.8383495500,Municipio,6.8383495500,1.8174476775,0.1078602900,1.7095873875,Pérdida
13,Huehuetenango,1311,La Libertad,38.9129982400,10.6083254400,28.3046728000,Municipio,28.3046728000,9.7282495600,2.6520813600,7.0761682000,Pérdida
13,Huehuetenango,1312,La Democracia,5.1606020200,0.2559928600,4.9046091600,Municipio,4.9046091600,1.2901505050,0.0639982150,1.2261522900,Pérdida
13,Huehuetenango,1313,San Miguel Acatán,58.2409511300,21.1717779300,37.0691732000,Municipio,37.0691732000,14.5602377825,5.2929444825,9.2672933000,Pérdida
13,Huehuetenango,1314,San Rafael La Independencia,5.1687974700,16.2196713100,-11.0508738400,Municipio,-11.0508738400,1.2921993675,4.0549178275,-2.7627184600,Ganancia
13,Huehuetenango,1315,Todos Santos Cuchumatán,31.4357277300,14.0527338600,17.3829938700,Municipio,17.3829938700,7.8589319325,3.5131834650,4.3457484675,Pérdida
13,Huehuetenango,1316,San Juan Atitán,13.4708193300,0.1724679800,13.2983513500,Municipio,13.2983513500,3.3677048325,0.0431169950,3.3245878375,Pérdida
13,Huehuetenango,1317,Santa Eulalia,1081.4050057700,147.8821403600,933.5228654100,Municipio,933.5228654100,270.3512514425,36.9705350900,233.3807163525,Pérdida
13,Huehuetenango,1318,San Mateo Ixtatán,1338.8678244400,94.2441145400,1244.6237099000,Municipio,1244.6237099000,334.7169561100,23.5610286350,311.1559274750,Pérdida
13,Huehuetenango,1319,Colotenango,5.8388088800,8.8837608500,-3.0449519700,Municipio,-3.0449519700,1.4597022200,2.2209402125,-0.7612379925,Ganancia
13,Huehuetenango,1320,San Sebastián Huehuetenango,2.7604479500,1.0351484100,1.7252995400,Municipio,1.7252995400,0.6901119875,0.2587871025,0.4313248850,Pérdida
13,Huehuetenango,1321,Tectitán,11.2640539100,4.8344348400,6.4296190700,Municipio,6.4296190700,2.8160134775,1.2086087100,1.6074047675,Pérdida
13,Huehuetenango,1322,Concepción Huista,39.8545233400,3.8834704100,35.9710529300,Municipio,35.9710529300,9.9636308350,0.9708676025,8.9927632325,Pérdida
13,Huehuetenango,1323,San Juan Ixcoy,133.3336472700,77.9181558200,55.4154914500,Municipio,55.4154914500,33.3334118175,19.4795389550,13.8538728625,Pérdida
13,Huehuetenango,1324,San Antonio Huista,2.5757253000,0.1723514400,2.4033738600,Municipio,2.4033738600,0.6439313250,0.0430878600,0.6008434650,Pérdida
13,Huehuetenango,1325,San Sebastián Coatán,41.1100720100,44.2521504200,-3.1420784100,Municipio,-3.1420784100,10.2775180025,11.0630376050,-0.7855196025,Ganancia
13,Huehuetenango,1326,Barillas,3000.8787835800,2906.9685941100,93.9101894700,Municipio,93.9101894700,750.2196958950,726.7421485275,23.4775473675,Pérdida
13,Huehuetenango,1327,Aguacatán,29.2442559500,0.4631563000,28.7810996500,Municipio,28.7810996500,7.3110639875,0.1157890750,7.1952749125,Pérdida
13,Huehuetenango,1328,San Rafael Pétzal,4.9394372100,0.7491816900,4.1902555200,Municipio,4.1902555200,1.2348593025,0.1872954225,1.0475638800,Pérdida
13,Huehuetenango,1329,San Gaspar Ixchil,4.2282722800,0.6311945400,3.5970777400,Municipio,3.5970777400,1.0570680700,0.1577986350,0.8992694350,Pérdida
13,Huehuetenango,1330,Santiago Chimaltenango,7.3827726200,5.5186359600,1.8641366600,Municipio,1.8641366600,1.8456931550,1.3796589900,0.4660341650,Pérdida
13,Huehuetenango,1331,Santa Ana Huista,9.5624877600,0.2584681300,9.3040196300,Municipio,9.3040196300,2.3906219400,0.0646170325,2.3260049075,Pérdida
13,Huehuetenango,1332,Unión Cantinil,8.7918464000,0.0000000000,8.7918464000,Municipio,8.7918464000,2.1979616000,0.0000000000,2.1979616000,Pérdida
13,Huehuetenango,1333,Petatán,0.6127797800,0.0000000000,0.6127797800,Municipio,0.6127797800,0.1531949450,0.0000000000,0.1531949450,Pérdida
14,Quiché,1401,Santa Cruz del Quiché,259.0522544100,0.2591270700,258.7931273400,Municipio,258.7931273400,64.7630636025,0.0647817675,64.6982818350,Pérdida
14,Quiché,1402,Chiché,375.9327401600,0.0000000000,375.9327401600,Municipio,375.9327401600,93.9831850400,0.0000000000,93.9831850400,Pérdida
14,Quiché,1403,Chinique,466.3902396200,0.0863709500,466.3038686700,Municipio,466.3038686700,116.5975599050,0.0215927375,116.5759671675,Pérdida
14,Quiché,1404,Zacualpa,197.5645272100,1.5884779900,195.9760492200,Municipio,195.9760492200,49.3911318025,0.3971194975,48.9940123050,Pérdida
14,Quiché,1405,Chajul,1002.1215214000,1993.1186264000,-990.9971050000,Municipio,-990.9971050000,250.5303803500,498.2796566000,-247.7492762500,Ganancia
14,Quiché,1406,Chichicastenango,127.1247567000,1.0376086700,126.0871480300,Municipio,126.0871480300,31.7811891750,0.2594021675,31.5217870075,Pérdida
14,Quiché,1407,Patzité,22.4789096500,0.0000000000,22.4789096500,Municipio,22.4789096500,5.6197274125,0.0000000000,5.6197274125,Pérdida
14,Quiché,1408,San Antonio Ilotenango,25.9160774400,0.0863598100,25.8297176300,Municipio,25.8297176300,6.4790193600,0.0215899525,6.4574294075,Pérdida
14,Quiché,1409,San Pedro Jocopilas,1508.6761319800,6.9553023100,1501.7208296700,Municipio,1501.7208296700,377.1690329950,1.7388255775,375.4302074175,Pérdida
14,Quiché,1410,Cunén,267.8989545700,285.9034029900,-18.0044484200,Municipio,-18.0044484200,66.9747386425,71.4758507475,-4.5011121050,Ganancia
14,Quiché,1411,San Juan Cotzal,264.2703283300,47.6419305100,216.6283978200,Municipio,216.6283978200,66.0675820825,11.9104826275,54.1570994550,Pérdida
14,Quiché,1412,Joyabaj,223.4421157100,21.4711962100,201.9709195000,Municipio,201.9709195000,55.8605289275,5.3677990525,50.4927298750,Pérdida
14,Quiché,1413,Nebaj,974.1508499600,1293.4022833700,-319.2514334100,Municipio,-319.2514334100,243.5377124900,323.3505708425,-79.8128583525,Ganancia
14,Quiché,1414,San Andrés Sajcabajá,177.8627123100,132.5249525300,45.3377597800,Municipio,45.3377597800,44.4656780775,33.1312381325,11.3344399450,Pérdida
14,Quiché,1415,Uspantán,1963.2554621700,720.7533896000,1242.5020725700,Municipio,1242.5020725700,490.8138655425,180.1883474000,310.6255181425,Pérdida
14,Quiché,1416,Sacapulas,227.7604692200,136.2240660100,91.5364032100,Municipio,91.5364032100,56.9401173050,34.0560165025,22.8841008025,Pérdida
14,Quiché,1417,San Bartolomé Jocotenango,342.9184694800,168.0114752600,174.9069942200,Municipio,174.9069942200,85.7296173700,42.0028688150,43.7267485550,Pérdida
14,Quiché,1418,Canillá,105.9588890900,341.4591077800,-235.5002186900,Municipio,-235.5002186900,26.4897222725,85.3647769450,-58.8750546725,Ganancia
14,Quiché,1419,Chicamán,883.0235882100,78.2356461000,804.7879421100,Municipio,804.7879421100,220.7558970525,19.5589115250,201.1969855275,Pérdida
14,Quiché,1420,Ixcán,3420.6328027500,4393.4043389300,-972.7715361800,Municipio,-972.7715361800,855.1582006875,1098.3510847325,-243.1928840450,Ganancia
14,Quiché,1421,Pachalum,6.8273412800,0.2593001900,6.5680410900,Municipio,6.5680410900,1.7068353200,0.0648250475,1.6420102725,Pérdida
15,Baja Verapaz,1501,Salamá,849.1907205000,199.2260475800,649.9646729200,Municipio,649.9646729200,212.2976801250,49.8065118950,162.4911682300,Pérdida
15,Baja Verapaz,1502,San Miguel Chicaj,52.4261172000,38.6209020900,13.8052151100,Municipio,13.8052151100,13.1065293000,9.6552255225,3.4513037775,Pérdida
15,Baja Verapaz,1503,Rabinal,153.6873849000,15.8474058300,137.8399790700,Municipio,137.8399790700,38.4218462250,3.9618514575,34.4599947675,Pérdida
15,Baja Verapaz,1504,Cubulco,1021.9000433900,9.8392989600,1012.0607444300,Municipio,1012.0607444300,255.4750108475,2.4598247400,253.0151861075,Pérdida
15,Baja Verapaz,1505,Granados,150.4384114000,3.3155674100,147.1228439900,Municipio,147.1228439900,37.6096028500,0.8288918525,36.7807109975,Pérdida
15,Baja Verapaz,1506,El Chol,36.2148505000,2.2760410200,33.9388094800,Municipio,33.9388094800,9.0537126250,0.5690102550,8.4847023700,Pérdida
15,Baja Verapaz,1507,San Jerónimo,684.2164644900,30.6433171700,653.5731473200,Municipio,653.5731473200,171.0541161225,7.6608292925,163.3932868300,Pérdida
15,Baja Verapaz,1508,Purulhá,867.8568792600,30.6098029300,837.2470763300,Municipio,837.2470763300,216.9642198150,7.6524507325,209.3117690825,Pérdida
16,Alta Verapaz,1601,Cobán,6607.6721142300,925.7728768600,5681.8992373700,Municipio,5681.8992373700,1651.9180285575,231.4432192150,1420.4748093425,Pérdida
16,Alta Verapaz,1602,Santa Cruz Verapaz,205.0042686300,408.7283649200,-203.7240962900,Municipio,-203.7240962900,51.2510671575,102.1820912300,-50.9310240725,Ganancia
16,Alta Verapaz,1603,San Cristóbal Verapaz,1059.4139705200,252.1042785300,807.3096919900,Municipio,807.3096919900,264.8534926300,63.0260696325,201.8274229975,Pérdida
16,Alta Verapaz,1604,Tactic,174.4797050500,58.1497823000,116.3299227500,Municipio,116.3299227500,43.6199262625,14.5374455750,29.0824806875,Pérdida
16,Alta Verapaz,1605,Tamahú,101.6513174500,3.1922819100,98.4590355400,Municipio,98.4590355400,25.4128293625,0.7980704775,24.6147588850,Pérdida
16,Alta Verapaz,1606,Tucurú,319.7262616900,14.5808616400,305.1454000500,Municipio,305.1454000500,79.9315654225,3.6452154100,76.2863500125,Pérdida
16,Alta Verapaz,1607,Panzós,1981.1605313900,54.6013363800,1926.5591950100,Municipio,1926.5591950100,495.2901328475,13.6503340950,481.6397987525,Pérdida
16,Alta Verapaz,1608,Senahú,3231.6878176500,91.4759187400,3140.2118989100,Municipio,3140.2118989100,807.9219544125,22.8689796850,785.0529747275,Pérdida
16,Alta Verapaz,1609,San Pedro Carchá,3369.2938635100,1177.1890391300,2192.1048243800,Municipio,2192.1048243800,842.3234658775,294.2972597825,548.0262060950,Pérdida
16,Alta Verapaz,1610,San Juan Chamelco,262.1493808500,379.8429125800,-117.6935317300,Municipio,-117.6935317300,65.5373452125,94.9607281450,-29.4233829325,Ganancia
16,Alta Verapaz,1611,Lanquín,615.3353952500,1570.8357259100,-955.5003306600,Municipio,-955.5003306600,153.8338488125,392.7089314775,-238.8750826650,Ganancia
16,Alta Verapaz,1612,Cahabón,3064.5690216100,1419.7240484100,1644.8449732000,Municipio,1644.8449732000,766.1422554025,354.9310121025,411.2112433000,Pérdida
16,Alta Verapaz,1613,Chisec,3481.5145586500,3339.8232995700,141.6912590800,Municipio,141.6912590800,870.3786396625,834.9558248925,35.4228147700,Pérdida
16,Alta Verapaz,1614,Chahal,1896.7959948300,1563.9504471900,332.8455476400,Municipio,332.8455476400,474.1989987075,390.9876117975,83.2113869100,Pérdida
16,Alta Verapaz,1615,Fray Bartolomé de las Casas,3585.5108968600,2061.8379414300,1523.6729554300,Municipio,1523.6729554300,896.3777242150,515.4594853575,380.9182388575,Pérdida
16,Alta Verapaz,1616,Santa Catalina la Tinta,466.4462897800,4.4881795800,461.9581102000,Municipio,461.9581102000,116.6115724450,1.1220448950,115.4895275500,Pérdida
16,Alta Verapaz,1617,Raxruhá,1786.2149979300,1124.3843954400,661.8306024900,Municipio,661.8306024900,446.5537494825,281.0960988600,165.4576506225,Pérdida
17,Petén,1701,Flores,7237.4976479900,8226.3262679700,-988.8286199800,Municipio,-988.8286199800,1809.3744119975,2056.5815669925,-247.2071549950,Ganancia
17,Petén,1702,San José,2412.3167145900,1835.3307007400,576.9860138500,Municipio,576.9860138500,603.0791786475,458.8326751850,144.2465034625,Pérdida
17,Petén,1703,San Benito,791.9674072400,1199.7333837200,-407.7659764800,Municipio,-407.7659764800,197.9918518100,299.9333459300,-101.9414941200,Ganancia
17,Petén,1704,San Andrés,36273.4674582700,27107.4770755500,9165.9903827200,Municipio,9165.9903827200,9068.3668645675,6776.8692688875,2291.4975956800,Pérdida
17,Petén,1705,La Libertad,25181.6884252600,17057.5055477800,8124.1828774800,Municipio,8124.1828774800,6295.4221063150,4264.3763869450,2031.0457193700,Pérdida
17,Petén,1706,San Francisco,2785.1632618200,2289.7213057700,495.4419560500,Municipio,495.4419560500,696.2908154550,572.4303264425,123.8604890125,Pérdida
17,Petén,1707,Santa Ana,4233.7967955600,5860.5798452100,-1626.7830496500,Municipio,-1626.7830496500,1058.4491988900,1465.1449613025,-406.6957624125,Ganancia
17,Petén,1708,Dolores,7108.2912476700,10293.3639892200,-3185.0727415500,Municipio,-3185.0727415500,1777.0728119175,2573.3409973050,-796.2681853875,Ganancia
17,Petén,1709,San Luis,12351.4146271600,13370.2092940100,-1018.7946668500,Municipio,-1018.7946668500,3087.8536567900,3342.5523235025,-254.6986667125,Ganancia
17,Petén,1710,Sayaxché,12525.8602300500,14289.3399833300,-1763.4797532800,Municipio,-1763.4797532800,3131.4650575125,3572.3349958325,-440.8699383200,Ganancia
17,Petén,1711,Melchor de Mencos,6936.8776264600,5207.6051296600,1729.2724968000,Municipio,1729.2724968000,1734.2194066150,1301.9012824150,432.3181242000,Pérdida
17,Petén,1712,Poptún,11893.9754961500,9060.0469402500,2833.9285559000,Municipio,2833.9285559000,2973.4938740375,2265.0117350625,708.4821389750,Pérdida
17,Petén,1713,Las Cruces,7597.6452696200,6721.5255335300,876.1197360900,Municipio,876.1197360900,1899.4113174050,1680.3813833825,219.0299340225,Pérdida
17,Petén,1714,El Chal,3186.8760894400,2925.5684728000,261.3076166400,Municipio,261.3076166400,796.7190223600,731.3921182000,65.3269041600,Pérdida
18,Izabal,1801,Puerto Barrios,2009.3675697500,94.0507412000,1915.3168285500,Municipio,1915.3168285500,502.3418924375,23.5126853000,478.8292071375,Pérdida
18,Izabal,1802,Livingston,7163.5344335300,2063.9356030400,5099.5988304900,Municipio,5099.5988304900,1790.8836083825,515.9839007600,1274.8997076225,Pérdida
18,Izabal,1803,El Estor,4835.8520286100,1979.9647572600,2855.8872713500,Municipio,2855.8872713500,1208.9630071525,494.9911893150,713.9718178375,Pérdida
18,Izabal,1804,Morales,1163.2272474200,947.8928114300,215.3344359900,Municipio,215.3344359900,290.8068118550,236.9732028575,53.8336089975,Pérdida
18,Izabal,1805,Los Amates,861.6970483600,377.7936209200,483.9034274400,Municipio,483.9034274400,215.4242620900,94.4484052300,120.9758568600,Pérdida
19,Zacapa,1901,Zacapa,596.1121036300,256.1819501700,339.9301534600,Municipio,339.9301534600,149.0280259075,64.0454875425,84.9825383650,Pérdida
19,Zacapa,1902,Estanzuela,0.6053564100,43.9380789100,-43.3327225000,Municipio,-43.3327225000,0.1513391025,10.9845197275,-10.8331806250,Ganancia
19,Zacapa,1903,Río Hondo,245.9562122900,86.8874190700,159.0687932200,Municipio,159.0687932200,61.4890530725,21.7218547675,39.7671983050,Pérdida
19,Zacapa,1904,Gualán,617.1798737400,1432.0827753600,-814.9029016200,Municipio,-814.9029016200,154.2949684350,358.0206938400,-203.7257254050,Ganancia
19,Zacapa,1905,Teculután,48.9116782800,57.9830105900,-9.0713323100,Municipio,-9.0713323100,12.2279195700,14.4957526475,-2.2678330775,Ganancia
19,Zacapa,1906,Usumatlán,17.1731635800,1.7277883300,15.4453752500,Municipio,15.4453752500,4.2932908950,0.4319470825,3.8613438125,Pérdida
19,Zacapa,1907,Cabañas,79.6194390500,165.6145039400,-85.9950648900,Municipio,-85.9950648900,19.9048597625,41.4036259850,-21.4987662225,Ganancia
19,Zacapa,1908,San Diego,190.4378036400,0.0000000000,190.4378036400,Municipio,190.4378036400,47.6094509100,0.0000000000,47.6094509100,Pérdida
19,Zacapa,1909,La Unión,190.9352530000,3.6308450100,187.3044079900,Municipio,187.3044079900,47.7338132500,0.9077112525,46.8261019975,Pérdida
19,Zacapa,1910,Huité,106.8177919000,137.2821408800,-30.4643489800,Municipio,-30.4643489800,26.7044479750,34.3205352200,-7.6160872450,Ganancia
19,Zacapa,1911,San Jorge,1.1240345900,0.0099689300,1.1140656600,Municipio,1.1140656600,0.2810086475,0.0024922325,0.2785164150,Pérdida
20,Chiquimula,2001,Chiquimula,1215.9342214000,18.9107429100,1197.0234784900,Municipio,1197.0234784900,303.9835553500,4.7276857275,299.2558696225,Pérdida
20,Chiquimula,2002,San José La Arada,323.1128568600,0.8653420100,322.2475148500,Municipio,322.2475148500,80.7782142150,0.2163355025,80.5618787125,Pérdida
20,Chiquimula,2003,San Juan la Ermita,2.3360506200,0.0000000000,2.3360506200,Municipio,2.3360506200,0.5840126550,0.0000000000,0.5840126550,Pérdida
20,Chiquimula,2004,Jocotán,80.5582712900,0.6917304800,79.8665408100,Municipio,79.8665408100,20.1395678225,0.1729326200,19.9666352025,Pérdida
20,Chiquimula,2005,Camotán,226.5919096800,1.4765028800,225.1154068000,Municipio,225.1154068000,56.6479774200,0.3691257200,56.2788517000,Pérdida
20,Chiquimula,2006,Olopa,1.4714022500,0.0865551400,1.3848471100,Municipio,1.3848471100,0.3678505625,0.0216387850,0.3462117775,Pérdida
20,Chiquimula,2007,Esquipulas,139.0243942200,3.5492065500,135.4751876700,Municipio,135.4751876700,34.7560985550,0.8873016375,33.8687969175,Pérdida
20,Chiquimula,2008,Concepción Las Minas,23.0430196000,53.5257999600,-30.4827803600,Municipio,-30.4827803600,5.7607549000,13.3814499900,-7.6206950900,Ganancia
20,Chiquimula,2009,Quezaltepeque,27.0962891800,0.5194490000,26.5768401800,Municipio,26.5768401800,6.7740722950,0.1298622500,6.6442100450,Pérdida
20,Chiquimula,2010,San Jacinto,0.0865394900,0.0865381500,0.0000013400,Municipio,0.0000013400,0.0216348725,0.0216345375,0.0000003350,Pérdida
20,Chiquimula,2011,Ipala,5.4565007900,61.8513560000,-56.3948552100,Municipio,-56.3948552100,1.3641251975,15.4628390000,-14.0987138025,Ganancia
21,Jalapa,2101,Jalapa,389.4654035500,143.3660539100,246.0993496400,Municipio,246.0993496400,97.3663508875,35.8415134775,61.5248374100,Pérdida
21,Jalapa,2102,San Pedro Pinula,251.5462359300,3.8989348500,247.6473010800,Municipio,247.6473010800,62.8865589825,0.9747337125,61.9118252700,Pérdida
21,Jalapa,2103,San Luis Jilotepeque,302.9444691500,12.5808555500,290.3636136000,Municipio,290.3636136000,75.7361172875,3.1452138875,72.5909034000,Pérdida
21,Jalapa,2104,San Manuel Chaparrón,18.5880290700,1.0109301000,17.5770989700,Municipio,17.5770989700,4.6470072675,0.2527325250,4.3942747425,Pérdida
21,Jalapa,2105,San Carlos Alzatate,10.7398781100,4.1568079600,6.5830701500,Municipio,6.5830701500,2.6849695275,1.0392019900,1.6457675375,Pérdida
21,Jalapa,2106,Monjas,9.7537771000,0.0865978600,9.6671792400,Municipio,9.6671792400,2.4384442750,0.0216494650,2.4167948100,Pérdida
21,Jalapa,2107,Mataquescuintla,180.2354735600,48.0494971700,132.1859763900,Municipio,132.1859763900,45.0588683900,12.0123742925,33.0464940975,Pérdida
22,Jutiapa,2201,Jutiapa,103.7887547100,11.0079022300,92.7808524800,Municipio,92.7808524800,25.9471886775,2.7519755575,23.1952131200,Pérdida
22,Jutiapa,2202,El Progreso,0.0000000000,0.0000000000,0.0000000000,Municipio,0.0000000000,0.0000000000,0.0000000000,0.0000000000,Equilibrio
22,Jutiapa,2203,Santa Catarina Mita,22.2001544400,9.7004254000,12.4997290400,Municipio,12.4997290400,5.5500386100,2.4251063500,3.1249322600,Pérdida
22,Jutiapa,2204,Agua Blanca,44.4970645700,113.2390549100,-68.7419903400,Municipio,-68.7419903400,11.1242661425,28.3097637275,-17.1854975850,Ganancia
22,Jutiapa,2205,Asunción Mita,33.3087381400,269.1303485500,-235.8216104100,Municipio,-235.8216104100,8.3271845350,67.2825871375,-58.9554026025,Ganancia
22,Jutiapa,2206,Yupiltepeque,0.0000000000,0.0000000000,0.0000000000,Municipio,0.0000000000,0.0000000000,0.0000000000,0.0000000000,Equilibrio
22,Jutiapa,2207,Atescatempa,0.0000000000,1.9149837200,-1.9149837200,Municipio,-1.9149837200,0.0000000000,0.4787459300,-0.4787459300,Ganancia
22,Jutiapa,2208,Jerez,47.9646415900,8.6799854600,39.2846561300,Municipio,39.2846561300,11.9911603975,2.1699963650,9.8211640325,Pérdida
22,Jutiapa,2209,El Adelanto,0.0000000000,19.5122635900,-19.5122635900,Municipio,-19.5122635900,0.0000000000,4.8780658975,-4.8780658975,Ganancia
22,Jutiapa,2210,Zapotitlán,3.5739366200,55.4908941600,-51.9169575400,Municipio,-51.9169575400,0.8934841550,13.8727235400,-12.9792393850,Ganancia
22,Jutiapa,2211,Comapa,21.2676856100,161.8131060800,-140.5454204700,Municipio,-140.5454204700,5.3169214025,40.4532765200,-35.1363551175,Ganancia
22,Jutiapa,2212,Jalpatagua,392.9120424500,222.4595400400,170.4525024100,Municipio,170.4525024100,98.2280106125,55.6148850100,42.6131256025,Pérdida
22,Jutiapa,2213,Conguaco,52.5761510900,9.0256147700,43.5505363200,Municipio,43.5505363200,13.1440377725,2.2564036925,10.8876340800,Pérdida
22,Jutiapa,2214,Moyuta,351.3364968900,184.0305041900,167.3059927000,Municipio,167.3059927000,87.8341242225,46.0076260475,41.8264981750,Pérdida
22,Jutiapa,2215,Pasaco,65.0754267900,83.6759956400,-18.6005688500,Municipio,-18.6005688500,16.2688566975,20.9189989100,-4.6501422125,Ganancia
22,Jutiapa,2216,San José Acatempa,48.9762432500,12.7543172000,36.2219260500,Municipio,36.2219260500,12.2440608125,3.1885793000,9.0554815125,Pérdida
22,Jutiapa,2217,Quesada,19.8927570200,0.0000000000,19.8927570200,Municipio,19.8927570200,4.9731892550,0.0000000000,4.9731892550,Pérdida
